customer_id,customer_name,city,state,phone,email
1,Jagrati Chandran,Delhi,Delhi,04404791098,madhavbarad@example.net
2,Urvashi D’Alia,Bangalore,Karnataka,09635347969,dayita79@example.org
3,Vaishnavi Sangha,Pune,Maharashtra,01344413931,mhans@example.net
4,Tarak Vohra,Kolkata,West Bengal,05820557775,omuni@example.org
5,Aarna Padmanabhan,Hyderabad,Telangana,03031426421,leena07@example.net
6,Gaurangi Nath,Bangalore,Karnataka,07747704762,udant71@example.net
7,Charvi Shetty,Chennai,Tamil Nadu,4198936984,vbhat@example.org
8,Edhitha Ranganathan,Kolkata,West Bengal,+918494764537,pbrar@example.org
9,Jackson Narang,Mumbai,Maharashtra,+919257880289,kalpit26@example.net
10,Vasana Seth,Mumbai,Maharashtra,7313109140,valaindrajit@example.com
11,Yagnesh Kala,Pune,Maharashtra,+919283235571,qpatla@example.org
12,Abhiram Bhatnagar,Mumbai,Maharashtra,6504150263,gmurty@example.net
13,Tanveer Shankar,Kolkata,West Bengal,6216068318,goswamineelima@example.org
14,Omkaar Kakar,Kolkata,West Bengal,02342992713,saranom@example.org
15,Victor Mital,Hyderabad,Telangana,08100290631,anjali97@example.net
16,Ganga Keer,Delhi,Delhi,+919259516188,dalbirdyal@example.org
17,Anthony Vohra,Lucknow,Uttar Pradesh,2274540881,zashil20@example.org
18,Gauri Bassi,Mumbai,Maharashtra,+917742007745,uvyas@example.com
19,Samuel Batta,Pune,Maharashtra,00798705116,cgara@example.net
20,Dipta Thaman,Mumbai,Maharashtra,+917365369515,samaksh81@example.net
21,Radha Parikh,Hyderabad,Telangana,03820589504,walilajita@example.org
22,Hemani Sankar,Kolkata,West Bengal,5096538219,deepsuhani@example.org
23,Garima Hora,Chennai,Tamil Nadu,+910443499901,sravel@example.org
24,Shravya Khalsa,Mumbai,Maharashtra,+914452780415,mammenzilmil@example.com
25,Ria Hans,Delhi,Delhi,05237308275,dasguptachakradev@example.net
26,Chakradev Kala,Chennai,Tamil Nadu,0338722944,tanvipalla@example.com
27,Kamya Sarna,Hyderabad,Telangana,5367060939,baradudant@example.com
28,Lajita Ramachandran,Mumbai,Maharashtra,02731143033,bajwayashvi@example.net
29,Geetika Dugar,Chennai,Tamil Nadu,07410670833,vedika90@example.org
30,Bina Nayar,Mumbai,Maharashtra,+910955927278,falak39@example.net
31,Harita Chaudhry,Pune,Maharashtra,+917792269361,vanya36@example.net
32,Nitara Nagi,Hyderabad,Telangana,+919412109196,mohinichadha@example.net
33,Chanakya Srinivas,Lucknow,Uttar Pradesh,06584984578,dmistry@example.com
34,Aarna Din,Kolkata,West Bengal,+913145270898,edhithapall@example.com
35,Nachiket Sunder,Bangalore,Karnataka,+919974893458,loganpalla@example.com
36,Harini Mohanty,Kolkata,West Bengal,+916270119477,jmorar@example.net
37,Kritika Banerjee,Kolkata,West Bengal,1384923795,oviyakalita@example.com
38,Akshay Kaul,Chennai,Tamil Nadu,9495435766,aryanagrawal@example.net
39,Naksh Batta,Hyderabad,Telangana,7604356502,badamiojasvi@example.com
40,Aashi Mallick,Mumbai,Maharashtra,+913370790098,isaacmisra@example.com
41,Suhani Tella,Bangalore,Karnataka,6490822641,hemangini47@example.org
42,Arin Char,Chennai,Tamil Nadu,+915848781556,natarajansamarth@example.com
43,Zansi Chawla,Bangalore,Karnataka,01146684334,rachitabail@example.net
44,Ekaraj Dass,Lucknow,Uttar Pradesh,6324246051,gpall@example.com
45,Unni Mallick,Pune,Maharashtra,3652284589,kondayagnesh@example.com
46,Yahvi Kumar,Hyderabad,Telangana,04846693520,vyanjana53@example.com
47,Ayushman Narula,Chennai,Tamil Nadu,06251520600,indaligokhale@example.org
48,Udant Varty,Kolkata,West Bengal,7303832236,chamelipillay@example.net
49,Edhitha Bir,Delhi,Delhi,01513562183,usrivastava@example.net
50,Radha Upadhyay,Chennai,Tamil Nadu,+913685192070,tnagar@example.com
51,Pranit Taneja,Delhi,Delhi,+918160172010,bhattacharyyamason@example.org
52,Timothy Dugar,Kolkata,West Bengal,7640333718,jatin79@example.org
53,Xalak Karan,Pune,Maharashtra,08497070903,balayvyanjana@example.org
54,Christopher Lal,Hyderabad,Telangana,5237500760,faris33@example.org
55,Aayush Sankaran,Mumbai,Maharashtra,+916572010407,doshishaurya@example.com
56,Balveer Vig,Chennai,Tamil Nadu,02461310894,omkaar11@example.com
57,Vamakshi Sawhney,Kolkata,West Bengal,03999378767,sahotaindrajit@example.com
58,David Sane,Chennai,Tamil Nadu,02972341292,champakraja@example.org
59,Kamala Raja,Lucknow,Uttar Pradesh,9964555778,devanshchakraborty@example.net
60,Advika Bahl,Pune,Maharashtra,+910478035464,kakararunima@example.com
61,Warjas Goswami,Lucknow,Uttar Pradesh,6048447892,rpalla@example.net
62,Isaac Oommen,Bangalore,Karnataka,07849674951,pmody@example.net
63,Yug Raj,Hyderabad,Telangana,3843915683,xiti34@example.com
64,Qadim Saxena,Bangalore,Karnataka,+918253724048,lajita36@example.com
65,Advika Sastry,Chennai,Tamil Nadu,2391024549,mishranitesh@example.org
66,Jeet Das,Hyderabad,Telangana,08264933172,nazarethchandran@example.org
67,Shivansh Baria,Pune,Maharashtra,+916656219116,regechatresh@example.com
68,Ekiya Edwin,Pune,Maharashtra,01556069649,krish58@example.com
69,Dalaja Kunda,Kolkata,West Bengal,+912662945801,dalajatalwar@example.com
70,Hemani Bora,Chennai,Tamil Nadu,8556949874,vpandey@example.net
71,Darika Comar,Bangalore,Karnataka,1593024346,hvenkatesh@example.com
72,Nihal Oommen,Lucknow,Uttar Pradesh,2971899810,arjunbuch@example.net
73,Jatin Mannan,Mumbai,Maharashtra,+913657972928,pantpranav@example.org
74,Geetika Toor,Delhi,Delhi,00950508416,sagardarika@example.org
75,Madhav Menon,Mumbai,Maharashtra,03689209988,kapurzilmil@example.com
76,Hemang Edwin,Bangalore,Karnataka,+911295596603,dbumb@example.com
77,Aarini Lata,Bangalore,Karnataka,+913526025405,ekballal@example.net
78,Divya Mani,Pune,Maharashtra,5379496563,horayashica@example.net
79,Gavin Bal,Mumbai,Maharashtra,4168458370,madanmaanas@example.com
80,Nandini Tiwari,Pune,Maharashtra,4175547730,tmandal@example.net
81,Rushil Tiwari,Pune,Maharashtra,07419352781,chaitaly96@example.com
82,Lakshmi Butala,Lucknow,Uttar Pradesh,+918612665158,yashodhara36@example.org
83,Qushi Devan,Hyderabad,Telangana,+910056939586,mdutta@example.org
84,Ishwar Chand,Delhi,Delhi,04401457496,ibir@example.org
85,Gavin Narayan,Mumbai,Maharashtra,+916336180657,nagijanuja@example.com
86,Jyoti Sharaf,Hyderabad,Telangana,+916305118658,battabalveer@example.net
87,Orinder Agate,Kolkata,West Bengal,09166881732,schatterjee@example.net
88,Bhavini Gala,Mumbai,Maharashtra,4264037468,abhiram53@example.com
89,Shravya Prabhakar,Hyderabad,Telangana,+913510098065,amrutakant@example.com
90,Ojas Uppal,Pune,Maharashtra,+916278353544,isingh@example.net
91,Jeevika Banik,Bangalore,Karnataka,+914971875382,banjeet62@example.net
92,Jeet Madan,Lucknow,Uttar Pradesh,+915352590702,kashishbose@example.org
93,Oni Bhat,Delhi,Delhi,8090441432,gbedi@example.com
94,Tripti Golla,Hyderabad,Telangana,3135726642,zaidgupta@example.org
95,Nachiket Hegde,Bangalore,Karnataka,0142165198,naveen87@example.com
96,Tripti Muni,Mumbai,Maharashtra,07417803675,qkaran@example.net
97,Warjas Shetty,Hyderabad,Telangana,+910571245541,zansijoshi@example.net
98,Arunima Butala,Chennai,Tamil Nadu,07301393385,yauvani55@example.org
99,Fiyaz Ramakrishnan,Bangalore,Karnataka,09628588284,divyasubramaniam@example.com
100,Dev Dyal,Kolkata,West Bengal,07016850610,parthranganathan@example.com
101,Nicholas Barman,Bangalore,Karnataka,+914984410049,lmitter@example.com
102,Reva Panchal,Delhi,Delhi,4442385546,onisastry@example.org
103,Pooja Master,Kolkata,West Bengal,04693043972,xrajagopalan@example.net
104,Gaurav Oza,Lucknow,Uttar Pradesh,8028412600,sagardayita@example.net
105,Jack Srinivas,Delhi,Delhi,8883097423,dubeoscar@example.com
106,Samaksh Chaudhari,Mumbai,Maharashtra,00012077255,defiyaz@example.org
107,Isaiah Gola,Kolkata,West Bengal,+912690324239,jgade@example.net
108,Ekavir Bava,Hyderabad,Telangana,07851071487,kallamax@example.org
109,Ladli Goel,Chennai,Tamil Nadu,08400672713,gavinkaul@example.net
110,Prisha Chanda,Delhi,Delhi,+916593632371,dasijaya@example.org
111,Pranav Vig,Chennai,Tamil Nadu,8739599957,schopra@example.net
112,Bhavani Mody,Mumbai,Maharashtra,04203533756,garima32@example.net
113,Libni Bakshi,Mumbai,Maharashtra,06148517685,dkhalsa@example.org
114,Nitesh Mammen,Lucknow,Uttar Pradesh,4624298046,bhasindalbir@example.net
115,Tanish Mallick,Mumbai,Maharashtra,+912776697552,bhavanisoni@example.com
116,Chaitaly Parmer,Bangalore,Karnataka,7139399071,amruta24@example.org
117,Omkaar Jaggi,Bangalore,Karnataka,01208767145,madhavinaidu@example.com
118,Janani Char,Lucknow,Uttar Pradesh,+919477694801,pdasgupta@example.com
119,Dalbir Sant,Bangalore,Karnataka,0851629553,osastry@example.com
120,Hemani Chokshi,Hyderabad,Telangana,6224845636,falguni16@example.com
121,Qabil Kota,Pune,Maharashtra,+917984706069,eyogi@example.net
122,Viraj Dani,Chennai,Tamil Nadu,+918179987854,logan42@example.com
123,Naveen Tiwari,Chennai,Tamil Nadu,3086708857,abha80@example.net
124,Kavya Choudhury,Hyderabad,Telangana,1071956693,chaturavirk@example.net
125,Gagan Kothari,Pune,Maharashtra,00803758731,jdoctor@example.com
126,Nirja Cherian,Kolkata,West Bengal,+911404153542,azadkota@example.org
127,Elijah Grewal,Lucknow,Uttar Pradesh,+917778033554,wagarwal@example.net
128,Lakshit Dugar,Lucknow,Uttar Pradesh,02725862478,kdate@example.org
129,Rushil Goswami,Mumbai,Maharashtra,02413907026,aurorayadavi@example.com
130,Damini Bora,Chennai,Tamil Nadu,+919689379703,jeremiahrau@example.net
131,Udarsh Bhatnagar,Chennai,Tamil Nadu,09271175542,palwarjas@example.org
132,Balendra Rama,Mumbai,Maharashtra,+911647424200,ganesanjeevika@example.org
133,David Pall,Kolkata,West Bengal,+916465344670,behlazad@example.org
134,Rachana Kannan,Delhi,Delhi,0535724070,lgarde@example.net
135,Aarini Dass,Chennai,Tamil Nadu,07634956817,parthsahni@example.net
136,Yatin Bhatia,Chennai,Tamil Nadu,03952765972,mitali81@example.net
137,Zehaan Kunda,Delhi,Delhi,4758521961,faraj55@example.org
138,Vaishnavi Din,Mumbai,Maharashtra,04175246755,aachal68@example.net
139,Widisha Dutta,Delhi,Delhi,08969780978,fbasu@example.net
140,Tanmayi Tara,Chennai,Tamil Nadu,+914212818317,januja81@example.net
141,Indrajit Setty,Mumbai,Maharashtra,02518876752,omyaroy@example.net
142,Chandani Chowdhury,Delhi,Delhi,3918929375,nicholasnarang@example.com
143,Tejas Gopal,Kolkata,West Bengal,2965340481,borajagrati@example.com
144,Zilmil Tiwari,Mumbai,Maharashtra,07758417144,mangatsudiksha@example.net
145,Charvi Dhar,Chennai,Tamil Nadu,8287213144,ekiya04@example.net
146,Barkha Oak,Hyderabad,Telangana,6096170968,zachariasuhani@example.net
147,Anmol Kala,Lucknow,Uttar Pradesh,6827026715,mayananda@example.com
148,Neel Virk,Chennai,Tamil Nadu,+916535313662,patlawahab@example.net
149,Gaurang Reddy,Bangalore,Karnataka,+916616659751,lajita24@example.com
150,Yashodhara Ahluwalia,Lucknow,Uttar Pradesh,+913646070088,slala@example.com
151,Dominic Krishnan,Chennai,Tamil Nadu,07098481710,vrittinarain@example.net
152,Ridhi Cherian,Lucknow,Uttar Pradesh,9017716428,tissac@example.net
153,Theodore Issac,Pune,Maharashtra,01106142678,timothykohli@example.org
154,Robert Tara,Chennai,Tamil Nadu,9306104823,aadhyakala@example.com
155,Ekansh Rout,Mumbai,Maharashtra,+919864085316,theodore86@example.net
156,Ikbal Bhatnagar,Mumbai,Maharashtra,+919773405351,nisha02@example.net
157,Udyati Hayer,Pune,Maharashtra,08431965461,kmangat@example.net
158,Harish Sood,Kolkata,West Bengal,+911069651210,balvansolanki@example.net
159,Ekaja Kulkarni,Pune,Maharashtra,0208214956,thakerpahal@example.net
160,Vanya Agrawal,Pune,Maharashtra,0815320800,xrai@example.net
161,Veda Naik,Lucknow,Uttar Pradesh,+915502229876,chahalsanya@example.org
162,Christopher Sen,Delhi,Delhi,0307590140,henry07@example.org
163,Aarna Loke,Mumbai,Maharashtra,05719686049,ahluwaliamatthew@example.org
164,Bhavani Shukla,Delhi,Delhi,03368869042,nathfalguni@example.org
165,Chandran Master,Pune,Maharashtra,07528659840,qviswanathan@example.org
166,Thomas Mani,Kolkata,West Bengal,1112056551,ikhatri@example.com
167,Aarini Bala,Mumbai,Maharashtra,7118310573,qray@example.com
168,Januja Bhatia,Chennai,Tamil Nadu,05136833628,gaurang05@example.org
169,Mohini Kunda,Chennai,Tamil Nadu,05811464390,victorbakshi@example.org
170,Baljiwan Sabharwal,Chennai,Tamil Nadu,4178754188,prakashishanvi@example.org
171,Aachal Buch,Lucknow,Uttar Pradesh,1801873543,rmurthy@example.net
172,Nimrat Shetty,Bangalore,Karnataka,7391792255,vedhikarege@example.org
173,Ubika Prakash,Pune,Maharashtra,+916459770108,xramaswamy@example.com
174,Dipta Reddy,Bangalore,Karnataka,+913639751588,ekamdar@example.net
175,Joshua Choudhry,Hyderabad,Telangana,+913753511839,esubramaniam@example.org
176,Nachiket Jain,Lucknow,Uttar Pradesh,+919905604996,loyalarya@example.org
177,Rayaan Kapoor,Chennai,Tamil Nadu,+919148707025,fsoman@example.net
178,Pushti Ratta,Mumbai,Maharashtra,8669262072,janyamore@example.com
179,William Banik,Lucknow,Uttar Pradesh,+915277263384,borafinn@example.com
180,Chatura Rana,Mumbai,Maharashtra,07439298916,gsule@example.net
181,Arunima Cherian,Delhi,Delhi,5350137564,ubail@example.com
182,Qarin Upadhyay,Delhi,Delhi,01636668094,banikekavir@example.com
183,Leena Dey,Mumbai,Maharashtra,+913865571438,chanderrajeshri@example.org
184,Darsh Comar,Chennai,Tamil Nadu,01790895379,wyattnaik@example.com
185,Urmi Bhavsar,Bangalore,Karnataka,+915668120997,mohantyleela@example.org
186,Farhan Sodhi,Pune,Maharashtra,8077100062,rajagopalanharshil@example.org
187,Gagan Savant,Lucknow,Uttar Pradesh,02579951444,gpal@example.org
188,Inaya Gaba,Lucknow,Uttar Pradesh,+919460638996,schaudry@example.org
189,Veda Sarin,Chennai,Tamil Nadu,00976969423,apuri@example.net
190,Devansh Raman,Pune,Maharashtra,0877237154,pallalucky@example.net
191,Lipika Rai,Delhi,Delhi,06023804043,danielpandey@example.org
192,Megha Varty,Bangalore,Karnataka,06191964966,gbahri@example.net
193,Chandran Johal,Pune,Maharashtra,+919423971686,qchakraborty@example.net
194,Abdul Dash,Delhi,Delhi,+913254122617,suhanitak@example.org
195,Ekiya Deep,Pune,Maharashtra,+912084831107,settyosha@example.org
196,Tamanna Palla,Hyderabad,Telangana,05109846261,peter36@example.com
197,Rajata Venkatesh,Lucknow,Uttar Pradesh,+910357483820,badamihitesh@example.net
198,Balendra Lad,Hyderabad,Telangana,+918030611367,naidukrish@example.net
199,Ekalinga Pant,Pune,Maharashtra,+910873362246,mohinideol@example.net
200,Xavier Narayanan,Lucknow,Uttar Pradesh,06823204091,rajeshribaral@example.org
201,Nandini Dani,Bangalore,Karnataka,8280031597,parikhqabil@example.org
202,Frado Puri,Chennai,Tamil Nadu,01304064674,kritika38@example.org
203,Wahab Singhal,Hyderabad,Telangana,+917119648916,rohanvarkey@example.net
204,Girish Vyas,Chennai,Tamil Nadu,04804329017,borawilliam@example.com
205,Krish Vala,Delhi,Delhi,01401528828,boaseanita@example.org
206,Abha Parikh,Delhi,Delhi,04663892839,bhavsaradya@example.com
207,Vidhi Bandi,Kolkata,West Bengal,+917316521598,nmander@example.org
208,Jonathan Madan,Delhi,Delhi,+911785111723,rdyal@example.org
209,Dalbir Ramanathan,Delhi,Delhi,+913918302401,qnatt@example.org
210,Daniel Tripathi,Lucknow,Uttar Pradesh,1552661075,faraj02@example.org
211,Anvi Deol,Bangalore,Karnataka,8497531813,patlamatthew@example.net
212,Mahika Mital,Delhi,Delhi,+918814546543,brahmbhattkaran@example.com
213,Varsha Barad,Mumbai,Maharashtra,2243457810,prisha95@example.net
214,Xiti Dua,Bangalore,Karnataka,3908525522,parmerguneet@example.com
215,Utkarsh Malhotra,Mumbai,Maharashtra,05725193028,apandit@example.org
216,Zashil Peri,Mumbai,Maharashtra,05663023436,guneet09@example.net
217,Chasmum Vasa,Chennai,Tamil Nadu,02328009886,aarinihans@example.com
218,Girish Sarma,Pune,Maharashtra,+911773565447,borraidika@example.com
219,Tanmayi Khurana,Mumbai,Maharashtra,9594905636,ftrivedi@example.net
220,Timothy Nori,Chennai,Tamil Nadu,9237683315,rayaan64@example.net
221,Hitesh Anand,Delhi,Delhi,+919278346228,tchaudry@example.com
222,Ati Kapadia,Mumbai,Maharashtra,3676194598,yadavicomar@example.net
223,Veda Nigam,Pune,Maharashtra,7222448715,benjanani@example.org
224,Sara Gade,Kolkata,West Bengal,06611981710,jkulkarni@example.com
225,Timothy Shankar,Hyderabad,Telangana,+915806825060,kondachampak@example.org
226,Hiral Ganesh,Chennai,Tamil Nadu,05999754248,yashodanori@example.org
227,Aditya Biswas,Kolkata,West Bengal,03500005933,lvarghese@example.net
228,Avi Krish,Chennai,Tamil Nadu,+916613861364,advaithkari@example.org
229,Gaurika Khanna,Hyderabad,Telangana,03612519816,brijesh79@example.org
230,Zansi Kala,Pune,Maharashtra,07209793651,vivaanjoshi@example.com
231,Chaitanya Ramakrishnan,Bangalore,Karnataka,04887627519,forum14@example.net
232,Girish Kalla,Hyderabad,Telangana,04522314753,snehasachar@example.net
233,Aarnav Parmer,Lucknow,Uttar Pradesh,05340373720,qlall@example.net
234,Max Vig,Kolkata,West Bengal,00100463881,qasimsaraf@example.org
235,Ria Sama,Mumbai,Maharashtra,9984655727,khanda@example.net
236,Vihaan Aurora,Delhi,Delhi,2824140758,abhiram54@example.net
237,Finn Kadakia,Lucknow,Uttar Pradesh,7060205468,darpan03@example.net
238,Yagnesh Nagi,Mumbai,Maharashtra,+915150294733,lsehgal@example.com
239,Yutika Bansal,Mumbai,Maharashtra,+918004278399,georgehanda@example.net
240,Caleb Viswanathan,Chennai,Tamil Nadu,06056999084,modidipta@example.net
241,Gagan Krishna,Hyderabad,Telangana,6194907624,tsood@example.net
242,Umang Ramakrishnan,Bangalore,Karnataka,+918773700925,petersubramaniam@example.org
243,Falak Sandal,Kolkata,West Bengal,7281641981,dayamai02@example.net
244,Yauvani Oza,Mumbai,Maharashtra,+913837668413,raaginiramaswamy@example.org
245,Jeremiah Chowdhury,Chennai,Tamil Nadu,+918285737003,mallsudiksha@example.org
246,Maanas Thakur,Kolkata,West Bengal,+911119162708,sai52@example.net
247,Dalbir Mukherjee,Hyderabad,Telangana,9487193640,balakrishnanpavani@example.org
248,Aarnav Tripathi,Bangalore,Karnataka,+914387134869,jmahal@example.com
249,Meghana Lad,Lucknow,Uttar Pradesh,+916827298108,othakur@example.org
250,Ekaja Mangal,Hyderabad,Telangana,+915109052968,nikita43@example.org
251,Balendra Lala,Delhi,Delhi,9336569314,aradhananigam@example.net
252,Eshana Mangat,Hyderabad,Telangana,+915792729188,ronithbali@example.net
253,Advik Sule,Mumbai,Maharashtra,00662752928,vivaankaur@example.com
254,Jasmit Contractor,Bangalore,Karnataka,1273521476,avi59@example.org
255,Amaira Mukhopadhyay,Hyderabad,Telangana,+915536968504,tchakraborty@example.com
256,Daksh Borde,Mumbai,Maharashtra,08683520662,ojasvi28@example.org
257,Dipta Vyas,Mumbai,Maharashtra,0139625574,upadhyaynirja@example.com
258,Meera Kant,Bangalore,Karnataka,+919290815080,hemalbains@example.org
259,Jairaj Raman,Hyderabad,Telangana,+911990734687,omyaparmer@example.org
260,Bhavani Sheth,Hyderabad,Telangana,01629275832,hamsinisastry@example.org
261,Rachita Balay,Chennai,Tamil Nadu,08283350842,darika47@example.net
262,Zehaan Kapur,Kolkata,West Bengal,9942739554,battaimaran@example.com
263,Eta Sant,Chennai,Tamil Nadu,+912871878512,krishnakhurana@example.org
264,Tara Kala,Hyderabad,Telangana,1694739113,manbirganesh@example.net
265,Ekansh Sani,Lucknow,Uttar Pradesh,06997223795,warhi98@example.com
266,Madhavi Chaudhry,Hyderabad,Telangana,3723461989,priya37@example.org
267,Neel Mistry,Delhi,Delhi,7597789474,mahuja@example.org
268,Eta Narula,Mumbai,Maharashtra,5083575333,veernadkarni@example.com
269,Nandini Kalla,Pune,Maharashtra,3694518006,geetikanigam@example.com
270,Sachi Sengupta,Hyderabad,Telangana,08904970749,bhavna70@example.net
271,Suhani Chawla,Delhi,Delhi,8995011316,vrajan@example.com
272,Ekiya Loyal,Delhi,Delhi,+918056389558,uroy@example.com
273,Oviya Maharaj,Kolkata,West Bengal,9800786952,yochanachada@example.com
274,Dev Mani,Bangalore,Karnataka,+913671537776,zaidkota@example.com
275,Charvi Murty,Hyderabad,Telangana,+919598464848,upkaar11@example.net
276,Niharika Natt,Bangalore,Karnataka,7644095157,ravalkrisha@example.org
277,Vrishti Mohanty,Lucknow,Uttar Pradesh,09239857358,darikasabharwal@example.net
278,Udant Baria,Pune,Maharashtra,06474784734,frado00@example.net
279,Tanay Bhardwaj,Delhi,Delhi,04850475284,oshenoy@example.net
280,Gavin Bhattacharyya,Mumbai,Maharashtra,07405881674,omaarav@example.com
281,Widisha Wali,Mumbai,Maharashtra,2786616867,yochana56@example.net
282,Eesha Ratta,Bangalore,Karnataka,+912437695182,david07@example.com
283,Sai Comar,Delhi,Delhi,+919326633144,daksh19@example.org
284,Balveer Saxena,Kolkata,West Bengal,+913300039616,suhaniyadav@example.com
285,Ekani Ramaswamy,Bangalore,Karnataka,04522856723,xshetty@example.net
286,Hemal Morar,Pune,Maharashtra,+914286545894,arorahardik@example.net
287,Hemani Agate,Bangalore,Karnataka,04859102573,jonathan91@example.org
288,Ucchal Gera,Delhi,Delhi,+912420402516,kthaker@example.net
289,Gavin Pal,Hyderabad,Telangana,9733136202,oviya68@example.net
290,Samuel Rout,Kolkata,West Bengal,06512048410,golajeevika@example.net
291,Dalbir Pathak,Delhi,Delhi,00658188951,umang33@example.com
292,Gabriel Raman,Kolkata,West Bengal,+913619873825,brahmbhattdavid@example.net
293,Yahvi Bera,Chennai,Tamil Nadu,9405072434,chakradharparmer@example.org
294,Kamala Ratta,Chennai,Tamil Nadu,7526091369,karperachit@example.net
295,Anmol Arora,Mumbai,Maharashtra,6642367111,madhavi64@example.net
296,Siya Kadakia,Kolkata,West Bengal,08371580053,tanvi14@example.org
297,Abhiram Tella,Pune,Maharashtra,4858835110,watika47@example.net
298,Lohit Tak,Bangalore,Karnataka,+910114390434,lmani@example.net
299,Gauri Majumdar,Chennai,Tamil Nadu,0081743086,dixitnachiket@example.net
300,Rohan Sarna,Bangalore,Karnataka,04214775299,lganesh@example.com
301,Sai Sethi,Bangalore,Karnataka,9633474337,fgala@example.org
302,Nihal Dhar,Pune,Maharashtra,09911580881,shanvedika@example.com
303,Advik Madan,Delhi,Delhi,+913546538245,ivasa@example.net
304,Garima Rau,Bangalore,Karnataka,7153928193,alka73@example.org
305,Azaan Sama,Kolkata,West Bengal,+914219235532,zbhatnagar@example.net
306,Chanchal Narula,Pune,Maharashtra,1105017814,hiralloke@example.org
307,Yasti Lala,Chennai,Tamil Nadu,+917051996955,oscar48@example.org
308,Triveni Pathak,Hyderabad,Telangana,04244317993,kaleyashoda@example.com
309,Farhan Shukla,Bangalore,Karnataka,+912334798585,vasanavenkatesh@example.com
310,Warinder Yogi,Mumbai,Maharashtra,02041442994,eshana44@example.com
311,Nidra Sharma,Pune,Maharashtra,+912557606135,magarladli@example.org
312,Dhruv Sachar,Delhi,Delhi,+919763112460,jkuruvilla@example.org
313,Ladli Badami,Lucknow,Uttar Pradesh,03017885845,mammentanish@example.net
314,Deepa Varghese,Chennai,Tamil Nadu,+914181511592,patilhenry@example.org
315,Ikbal Maharaj,Chennai,Tamil Nadu,07500429750,udevan@example.com
316,Ekani Loyal,Lucknow,Uttar Pradesh,4555668028,pillaidivya@example.net
317,Anjali Nair,Kolkata,West Bengal,+911969345660,ppillai@example.net
318,Pranit Sur,Hyderabad,Telangana,09414041228,xbrahmbhatt@example.net
319,Ijaya Seshadri,Chennai,Tamil Nadu,04190552615,patilmax@example.org
320,Dhriti Sahota,Chennai,Tamil Nadu,+915307450653,unnatimorar@example.org
321,Chaman Mital,Delhi,Delhi,00078233187,bhardwajridhi@example.net
322,Lila Issac,Chennai,Tamil Nadu,05149543987,ojasviravel@example.com
323,Shivansh Rout,Pune,Maharashtra,00552849515,adwetanayak@example.org
324,Yash Rau,Kolkata,West Bengal,7716826911,poojachowdhury@example.net
325,Siddharth Raja,Hyderabad,Telangana,00462964021,karpereva@example.org
326,Widisha Bhatti,Mumbai,Maharashtra,5832200925,yastiborah@example.com
327,Omkaar Kohli,Hyderabad,Telangana,01271214225,osinha@example.net
328,George Lalla,Kolkata,West Bengal,00924548784,dayalrobert@example.org
329,Avni Chaudhry,Pune,Maharashtra,8364049078,murtyom@example.com
330,Advay Kapadia,Kolkata,West Bengal,+911065843063,nsem@example.com
331,Jacob Hayer,Delhi,Delhi,+917584378232,chanchal28@example.com
332,Vedika Bala,Mumbai,Maharashtra,07788625337,isaiah88@example.net
333,Oscar Varughese,Hyderabad,Telangana,+913701457479,eshana60@example.org
334,Wriddhish Lata,Bangalore,Karnataka,02541491941,tanaykhatri@example.com
335,Zashil Kar,Hyderabad,Telangana,4644716337,krisha62@example.net
336,Dipta Gole,Delhi,Delhi,4799183420,lshukla@example.net
337,Gaurav Oza,Mumbai,Maharashtra,8396192025,chanderchaaya@example.net
338,Yashawini Lad,Pune,Maharashtra,+916936655266,warinder24@example.com
339,Charita Mangat,Kolkata,West Bengal,+917318272942,aahana52@example.com
340,Irya Chaudhuri,Kolkata,West Bengal,2738461294,barkhalad@example.net
341,Ira Wali,Pune,Maharashtra,01551802679,chakrika20@example.net
342,Tanish Deep,Mumbai,Maharashtra,2255497223,wdass@example.net
343,Nimrat Kapoor,Pune,Maharashtra,06213320780,urishillamane@example.com
344,Faris Baria,Chennai,Tamil Nadu,7179813899,goelvinaya@example.com
345,Vasatika Borah,Hyderabad,Telangana,07111348146,damyantinarasimhan@example.com
346,Qushi Chana,Delhi,Delhi,+911527009585,riyadani@example.com
347,Jhalak Sem,Pune,Maharashtra,02930800176,yachana50@example.org
348,Bakhshi Shroff,Delhi,Delhi,04418916092,reyansh37@example.com
349,Dhruv Vaidya,Chennai,Tamil Nadu,02558027349,solankivivaan@example.com
350,Leena Yohannan,Kolkata,West Bengal,+910331090898,nidhi16@example.net
351,Aarnav Ravi,Pune,Maharashtra,1396515324,tkonda@example.com
352,Suhani Bhagat,Mumbai,Maharashtra,01281829387,mallickupadhriti@example.org
353,Vinaya Chandran,Kolkata,West Bengal,06386467033,tanveermadan@example.com
354,Falak Talwar,Kolkata,West Bengal,04801913161,niteshramachandran@example.org
355,Ayaan Majumdar,Mumbai,Maharashtra,00091550595,upasna21@example.com
356,Bina Kanda,Hyderabad,Telangana,06889609840,davepriya@example.com
357,Maanav Hayer,Hyderabad,Telangana,06336311280,anjalipillai@example.net
358,Pooja Munshi,Pune,Maharashtra,6091296575,adweta64@example.com
359,Zinal Kumar,Kolkata,West Bengal,4097072413,sankardayita@example.org
360,Diya Bandi,Pune,Maharashtra,0383297886,unnatisen@example.net
361,Kashish Chand,Hyderabad,Telangana,00067341599,yashodharadeol@example.net
362,Qarin Ghosh,Bangalore,Karnataka,+910192267547,bravel@example.com
363,Bhavya Ganesh,Chennai,Tamil Nadu,+910362158919,elijah80@example.net
364,Dakshesh Ramachandran,Pune,Maharashtra,06529730024,dayalishita@example.org
365,Balendra Brar,Pune,Maharashtra,+915553753427,wazirchakrabarti@example.com
366,Hemangini Toor,Bangalore,Karnataka,03579294134,tchadha@example.net
367,Turvi Bains,Hyderabad,Telangana,7188498629,kiaanmitter@example.net
368,Mitali Patla,Pune,Maharashtra,06290099163,lohitborde@example.com
369,Sachi Bansal,Delhi,Delhi,+914802814093,hsama@example.org
370,Jackson Raval,Hyderabad,Telangana,4142433318,nimratkamdar@example.net
371,Omisha Hans,Hyderabad,Telangana,03633409342,tanay94@example.net
372,Ekansh Nanda,Chennai,Tamil Nadu,03311466680,yadavi90@example.com
373,Ekansh Karan,Pune,Maharashtra,+916680438070,anvi64@example.org
374,Gaurangi Rau,Kolkata,West Bengal,+919646347798,danitanish@example.com
375,Adya Subramaniam,Lucknow,Uttar Pradesh,5754632031,rudravarma@example.net
376,Mohammed Chaudhry,Lucknow,Uttar Pradesh,05143487693,ibhasin@example.net
377,Bakhshi Sane,Lucknow,Uttar Pradesh,6298219716,robertsibal@example.com
378,Anmol Nigam,Chennai,Tamil Nadu,1572263585,taraprisha@example.com
379,Ishani Gole,Lucknow,Uttar Pradesh,06026057454,pdara@example.net
380,Ranveer Chaudhuri,Bangalore,Karnataka,5864684998,patlavasatika@example.org
381,Pooja Ghosh,Mumbai,Maharashtra,+918827286113,michael61@example.net
382,Chandran Varty,Hyderabad,Telangana,7942720502,kevin94@example.org
383,Theodore Mody,Kolkata,West Bengal,09251571252,hemalgill@example.org
384,Yuvraj Rau,Mumbai,Maharashtra,00736103244,hnaidu@example.org
385,Ishanvi Sen,Chennai,Tamil Nadu,3614303841,falaktaneja@example.org
386,Ojasvi Chopra,Hyderabad,Telangana,9474310165,sakshamgrewal@example.org
387,Vrinda Wadhwa,Chennai,Tamil Nadu,+913522351913,dayita72@example.com
388,Tanish Chahal,Chennai,Tamil Nadu,03140059362,ovarughese@example.org
389,Yochana Borah,Bangalore,Karnataka,05672566270,acharyafalan@example.net
390,Osha Mitra,Delhi,Delhi,06066822474,cborah@example.com
391,Siddharth Sachar,Delhi,Delhi,00916589066,araj@example.net
392,Eshana Prakash,Chennai,Tamil Nadu,1622001254,aditya94@example.com
393,Caleb Rau,Lucknow,Uttar Pradesh,7681494320,baburidhi@example.org
394,Zaitra Shah,Mumbai,Maharashtra,2362942670,ishanvi20@example.com
395,Wishi Chaudhry,Lucknow,Uttar Pradesh,06454617053,zbajwa@example.org
396,Brinda Kapadia,Pune,Maharashtra,00941054429,victorchand@example.org
397,Rachit Sankar,Chennai,Tamil Nadu,+910929073474,varkeyudant@example.net
398,Falguni Modi,Pune,Maharashtra,+916207341236,harshnaidu@example.org
399,Wriddhish Loyal,Lucknow,Uttar Pradesh,7779929946,graj@example.org
400,Ganga Tiwari,Pune,Maharashtra,02899009655,chaaya62@example.net
401,Girindra Sanghvi,Chennai,Tamil Nadu,+910656500888,krishnadeol@example.net
402,Inaya Sandal,Bangalore,Karnataka,09157997846,utkarshwali@example.org
403,Faras Sethi,Delhi,Delhi,09909375424,tanishmand@example.net
404,Wyatt Som,Mumbai,Maharashtra,1846053969,psahota@example.net
405,Vedika Tata,Pune,Maharashtra,00814220491,byadav@example.org
406,Tanish Sampath,Chennai,Tamil Nadu,09369944329,kalpitwalla@example.net
407,Vinaya Nayar,Bangalore,Karnataka,04510216526,bhavaninanda@example.net
408,Naveen Taneja,Lucknow,Uttar Pradesh,1567733812,tara00@example.net
409,Adya De,Delhi,Delhi,3827552368,brijeshsubramaniam@example.net
410,Isaac Wagle,Chennai,Tamil Nadu,09291210461,faris83@example.org
411,Darsh Minhas,Mumbai,Maharashtra,8639460780,singhalbimala@example.com
412,Girindra Buch,Lucknow,Uttar Pradesh,02775601753,ncontractor@example.org
413,Kabir Arora,Bangalore,Karnataka,5759889060,vkrishnan@example.org
414,Omisha Kannan,Lucknow,Uttar Pradesh,+919669845285,zsrinivasan@example.net
415,Watika Sastry,Kolkata,West Bengal,2374200408,chandresh37@example.com
416,Jatin Manda,Lucknow,Uttar Pradesh,0965252669,girik56@example.org
417,Divya Chahal,Pune,Maharashtra,9974050258,raaginijha@example.org
418,Vasatika Nori,Lucknow,Uttar Pradesh,5052151293,parthbasu@example.org
419,Maanav Char,Bangalore,Karnataka,01595944909,mbains@example.org
420,Tanveer Barad,Lucknow,Uttar Pradesh,00957785648,rajuonveer@example.com
421,Oviya Kunda,Lucknow,Uttar Pradesh,+910397759879,obalay@example.org
422,Lila Sane,Hyderabad,Telangana,5086575342,trivenisolanki@example.net
423,Aishani Kuruvilla,Chennai,Tamil Nadu,09698683630,htiwari@example.org
424,Mekhala Raja,Hyderabad,Telangana,02139123856,viraj65@example.net
425,Chakradev Sathe,Lucknow,Uttar Pradesh,00758900555,jchakraborty@example.org
426,Kritika Dasgupta,Chennai,Tamil Nadu,+914757224287,grewalqabil@example.org
427,Eiravati Johal,Hyderabad,Telangana,7181977814,sharafdavid@example.com
428,Gagan Doctor,Lucknow,Uttar Pradesh,6335596743,laltanveer@example.com
429,Amruta Dalal,Mumbai,Maharashtra,6176188280,yasti97@example.com
430,Nakul Aggarwal,Hyderabad,Telangana,+915641916462,zilmilsabharwal@example.org
431,Yash Chowdhury,Chennai,Tamil Nadu,6297016837,shravya70@example.com
432,Zansi Ghose,Hyderabad,Telangana,+912764823974,yaminikale@example.net
433,Tejas Chander,Kolkata,West Bengal,+916129324799,azaanpatla@example.org
434,Harsh Behl,Kolkata,West Bengal,4743598775,akala@example.com
435,Urishilla Chacko,Mumbai,Maharashtra,03903236497,upmawadhwa@example.com
436,Devansh Gara,Bangalore,Karnataka,02547699553,tanveerkaur@example.com
437,Pavani Rege,Bangalore,Karnataka,3539173207,manthanloke@example.com
438,Indrajit Puri,Chennai,Tamil Nadu,3018467945,hchawla@example.com
439,Nachiket Aurora,Pune,Maharashtra,01934321572,balaeshana@example.com
440,Saksham Saxena,Bangalore,Karnataka,05175789224,sankaranria@example.com
441,Bina Rai,Chennai,Tamil Nadu,3888114790,enarang@example.net
442,Tanmayi Desai,Mumbai,Maharashtra,+916328521944,nachiketkapur@example.org
443,Ryan Tak,Pune,Maharashtra,9000681110,nathanielbhakta@example.org
444,Chatura Narain,Pune,Maharashtra,3110869794,mukhopadhyaydayita@example.net
445,Nihal Pillai,Kolkata,West Bengal,05499324786,znarain@example.org
446,Girik Chawla,Lucknow,Uttar Pradesh,+910566780853,ekavirmishra@example.com
447,Chavvi Misra,Pune,Maharashtra,00614504311,okala@example.com
448,Frado Kapoor,Delhi,Delhi,8926044852,zayyannair@example.net
449,Nikita Grewal,Chennai,Tamil Nadu,+912138252641,nathan69@example.net
450,Ekiya Nazareth,Pune,Maharashtra,05820938654,bhardwajjeet@example.com
451,Imaran Swamy,Pune,Maharashtra,5687352501,chakradhar77@example.com
452,Qushi Dhingra,Delhi,Delhi,6839957497,singhmanthan@example.com
453,Ekbal Batra,Pune,Maharashtra,05465951926,nbhardwaj@example.org
454,Ekaja Bahl,Lucknow,Uttar Pradesh,03632037431,wrideshkala@example.com
455,Vrishti Nagarajan,Delhi,Delhi,08491380569,rachit16@example.com
456,Rachana Mistry,Kolkata,West Bengal,+913202741651,abeer17@example.org
457,Finn Agarwal,Hyderabad,Telangana,+911787393089,sahotanirja@example.net
458,Shaurya Korpal,Pune,Maharashtra,6529121337,enori@example.com
459,Riya Sama,Pune,Maharashtra,07959590994,charitamurthy@example.com
460,Kabir Kota,Chennai,Tamil Nadu,+912634153752,lavanya54@example.net
461,Pratyush Agate,Lucknow,Uttar Pradesh,+912441482627,finndube@example.net
462,Faqid Gokhale,Chennai,Tamil Nadu,06626537379,harinimadan@example.org
463,Harrison Murthy,Hyderabad,Telangana,01830085786,kohligeorge@example.net
464,Jeet Rajagopal,Pune,Maharashtra,+914244850424,oparekh@example.net
465,Yuvraj Bhagat,Lucknow,Uttar Pradesh,08767856973,jvasa@example.org
466,Yuvraj Mannan,Delhi,Delhi,00629957610,rajata89@example.com
467,Patrick Sen,Pune,Maharashtra,4507298330,sethvyanjana@example.org
468,Isha Kunda,Kolkata,West Bengal,06334373372,edin@example.com
469,Balhaar Muni,Pune,Maharashtra,06946301171,umalhotra@example.com
470,Aarush Rattan,Bangalore,Karnataka,+910225033859,om92@example.org
471,Yatin Keer,Lucknow,Uttar Pradesh,+917470843720,upma25@example.com
472,Chandresh Arya,Bangalore,Karnataka,+914084796877,periomya@example.org
473,Qabil Chadha,Delhi,Delhi,+918981229175,ekanivohra@example.org
474,Xiti Sunder,Pune,Maharashtra,5378651394,akshaybala@example.org
475,Kevin Srinivasan,Delhi,Delhi,+914987665490,barkhabandi@example.net
476,Sanya More,Mumbai,Maharashtra,9848274699,kumarnitesh@example.net
477,Elijah Ramaswamy,Pune,Maharashtra,7893820418,shetholiver@example.com
478,Leena Minhas,Bangalore,Karnataka,00779496123,parekhsamarth@example.com
479,Devika Nagy,Lucknow,Uttar Pradesh,00991067987,harinakshi72@example.org
480,Wakeeta Badami,Bangalore,Karnataka,1021363882,munshinitesh@example.com
481,Adya Dua,Delhi,Delhi,+918859258125,xupadhyay@example.net
482,Ira Srinivasan,Hyderabad,Telangana,00186377342,zsandal@example.org
483,Ria Grover,Pune,Maharashtra,00793044025,qadim85@example.com
484,Shivansh Bora,Kolkata,West Bengal,08556946080,johalhemani@example.org
485,Matthew Kumer,Chennai,Tamil Nadu,2586279535,zaid02@example.net
486,Chasmum Ganesh,Lucknow,Uttar Pradesh,9526421730,agrawalhemangini@example.net
487,Gauri Kapoor,Kolkata,West Bengal,+918776337184,lzacharia@example.net
488,Chaman Gopal,Kolkata,West Bengal,+910570517536,lroy@example.net
489,Lakshit Soni,Pune,Maharashtra,+918119696643,pnarayan@example.net
490,Amrita Sabharwal,Hyderabad,Telangana,3586015013,victor43@example.net
491,Varenya Biswas,Pune,Maharashtra,06796996638,harinakshipal@example.net
492,Sachi Khosla,Hyderabad,Telangana,04013540340,aarnav71@example.org
493,Dalaja Lall,Mumbai,Maharashtra,04037541637,vrishtibanerjee@example.com
494,Finn Mane,Lucknow,Uttar Pradesh,5650318306,zmahal@example.net
495,Lopa Kapur,Delhi,Delhi,2164289316,harshilshroff@example.org
496,Devansh Vaidya,Delhi,Delhi,+918843968416,aagate@example.com
497,Upma Thaker,Kolkata,West Bengal,0474727976,ktaneja@example.com
498,Oviya Bose,Chennai,Tamil Nadu,7555933239,etasankar@example.net
499,Radhika Tripathi,Mumbai,Maharashtra,00895160063,dominic35@example.com
500,Mason Barad,Delhi,Delhi,2582481101,krishnakhatri@example.com
501,Vinaya Wali,Delhi,Delhi,+917233757999,vidhishenoy@example.com
502,Neha Guha,Chennai,Tamil Nadu,04368335689,yrattan@example.net
503,Omisha Pillay,Chennai,Tamil Nadu,+913978410760,rajuudarsh@example.com
504,Aadi Mallick,Delhi,Delhi,03621230320,triya26@example.com
505,Indira Bala,Bangalore,Karnataka,09277274063,dattaanamika@example.net
506,Michael Kota,Chennai,Tamil Nadu,8166863996,kashyaprachita@example.org
507,Arunima Gokhale,Bangalore,Karnataka,03084875097,omkaar61@example.net
508,Guneet Yohannan,Lucknow,Uttar Pradesh,03078512771,ramachandranfalan@example.com
509,Qarin Tiwari,Mumbai,Maharashtra,1454483693,umutti@example.org
510,Ranbir Sharaf,Chennai,Tamil Nadu,1649398669,nghose@example.org
511,Manan Kar,Lucknow,Uttar Pradesh,05477377809,farisbhat@example.net
512,Osha Murty,Hyderabad,Telangana,4397335111,jaikhare@example.org
513,Pushti Ravel,Kolkata,West Bengal,01844671681,sahotazayyan@example.com
514,Nikita Varty,Bangalore,Karnataka,4117036959,psetty@example.com
515,Yatin Devi,Mumbai,Maharashtra,+912045810511,gbhatnagar@example.org
516,Nandini Chopra,Bangalore,Karnataka,+913797466850,lankarachita@example.com
517,Warda Gade,Hyderabad,Telangana,2849666358,dtailor@example.org
518,Yuvraj Sampath,Mumbai,Maharashtra,0871627847,aradhana03@example.com
519,Eesha Krishna,Delhi,Delhi,+912084652392,yashasvithakur@example.net
520,Girish Deshmukh,Hyderabad,Telangana,04816199200,brindajha@example.net
521,Advaith Kulkarni,Pune,Maharashtra,03289612183,jeet79@example.com
522,Eiravati Loyal,Pune,Maharashtra,09285100471,ekani36@example.org
523,Diya Som,Chennai,Tamil Nadu,+911065996296,megha42@example.net
524,Sai Trivedi,Mumbai,Maharashtra,04013997460,mbarman@example.org
525,Jagrati Johal,Chennai,Tamil Nadu,+919888926489,oraju@example.com
526,Yashasvi Shanker,Mumbai,Maharashtra,2556848011,wbhattacharyya@example.org
527,Ojasvi Dani,Hyderabad,Telangana,+918467883408,muttiaryan@example.org
528,Shaurya Suri,Mumbai,Maharashtra,+919164651462,bkala@example.org
529,Faqid Golla,Delhi,Delhi,08530648913,aggarwalbhavna@example.com
530,Yoshita Madan,Kolkata,West Bengal,2995001751,diya49@example.com
531,Jason Datta,Pune,Maharashtra,09181418540,dashwatika@example.com
532,Saanvi Shankar,Kolkata,West Bengal,3714678423,fmittal@example.com
533,Qarin Narayanan,Mumbai,Maharashtra,07768674282,sawhneykabir@example.net
534,Veda Som,Kolkata,West Bengal,+915338180975,jananipau@example.com
535,Samarth Kannan,Delhi,Delhi,07899922371,gkarpe@example.net
536,Libni Bawa,Pune,Maharashtra,+915620283658,thamanbrinda@example.com
537,Charvi Bhakta,Lucknow,Uttar Pradesh,1596754239,anandatharv@example.net
538,Bachittar Menon,Mumbai,Maharashtra,8966586855,osrinivas@example.com
539,Pooja Raj,Pune,Maharashtra,+914792437111,onveerdyal@example.org
540,Lajita Saran,Kolkata,West Bengal,05562368369,ywalia@example.org
541,Forum Sharaf,Lucknow,Uttar Pradesh,+918426177621,megha08@example.org
542,Garima Krishnamurthy,Bangalore,Karnataka,+910834725187,usahota@example.org
543,Owen Vaidya,Pune,Maharashtra,05472600275,hemangchoudhary@example.com
544,Maanav Sengupta,Bangalore,Karnataka,+919489541266,dmadan@example.net
545,Vincent Hayer,Hyderabad,Telangana,+919777442392,anagarajan@example.net
546,Januja Jayaraman,Lucknow,Uttar Pradesh,01948099050,nicholasdatta@example.net
547,Leela Chand,Lucknow,Uttar Pradesh,7949645252,gautamgoda@example.net
548,Rajata Agrawal,Pune,Maharashtra,2238786922,harsh95@example.com
549,Odika Mangal,Hyderabad,Telangana,+915333350594,chakrabortyvarenya@example.net
550,Darpan Desai,Kolkata,West Bengal,06141943044,yashodharaom@example.net
551,Anusha Ramachandran,Chennai,Tamil Nadu,08752004334,hben@example.net
552,Ekbal Luthra,Mumbai,Maharashtra,+912390811768,kotaanay@example.com
553,Chatura Mitter,Hyderabad,Telangana,+911190708112,handavinaya@example.com
554,Madhav Karan,Lucknow,Uttar Pradesh,5511512839,ishaan69@example.net
555,Imaran Doctor,Chennai,Tamil Nadu,4201426614,kiaankaran@example.net
556,Odika Dada,Lucknow,Uttar Pradesh,9252855655,guptaansh@example.net
557,Krishna Pandit,Pune,Maharashtra,+914153982052,dinanmol@example.org
558,Vansha Jayaraman,Kolkata,West Bengal,3520918157,jack87@example.net
559,Ekapad Kapoor,Delhi,Delhi,1990822391,yohannanfiyaz@example.org
560,Dipta Singhal,Lucknow,Uttar Pradesh,+913305536368,kapadiajalsa@example.com
561,Owen Vaidya,Kolkata,West Bengal,2656400358,jananibalasubramanian@example.net
562,Avni Ramanathan,Bangalore,Karnataka,+914345473383,evora@example.net
563,Diya Ram,Lucknow,Uttar Pradesh,03240751205,wrideshbasak@example.com
564,Watika Raghavan,Chennai,Tamil Nadu,01900012720,damble@example.org
565,Sathvik Narasimhan,Kolkata,West Bengal,+915054205712,jonathanhans@example.net
566,Advika Apte,Hyderabad,Telangana,+918794726256,sastrydaksha@example.net
567,Radha Lala,Kolkata,West Bengal,+916793813337,edin@example.net
568,Yatin Khurana,Hyderabad,Telangana,05406000477,daniel47@example.net
569,Pratyush Cheema,Hyderabad,Telangana,0084641718,psankaran@example.com
570,Anmol Sura,Delhi,Delhi,04131331255,edwinindrajit@example.net
571,Zarna Wable,Chennai,Tamil Nadu,1999856417,dhruv48@example.org
572,Inaya Zachariah,Mumbai,Maharashtra,07641308105,chatterjeemohammed@example.net
573,Gaurang Ramesh,Chennai,Tamil Nadu,+916066823646,ayaanchandra@example.org
574,Rehaan Desai,Pune,Maharashtra,6735162239,cprabhakar@example.com
575,Anya Patla,Lucknow,Uttar Pradesh,+914317321630,chavviparsa@example.com
576,Yoshita Mander,Chennai,Tamil Nadu,3202829113,igoswami@example.net
577,Dayamai Bakshi,Lucknow,Uttar Pradesh,+915336297440,halderganga@example.org
578,Dominic Viswanathan,Lucknow,Uttar Pradesh,01818827966,kiaan22@example.net
579,Naveen Raval,Lucknow,Uttar Pradesh,07464315929,harini39@example.net
580,Priya Dua,Delhi,Delhi,2916923431,opalla@example.org
581,Tanish Kulkarni,Mumbai,Maharashtra,7690354867,kkrish@example.org
582,Hema Khurana,Hyderabad,Telangana,08877711161,khoslafinn@example.com
583,Qasim Saha,Chennai,Tamil Nadu,08672555776,dewanjagrati@example.com
584,Raagini Savant,Pune,Maharashtra,2796945138,laban11@example.org
585,Gaurangi Chada,Chennai,Tamil Nadu,+912415201358,jdatta@example.com
586,Advay Mukherjee,Hyderabad,Telangana,+918360644265,sarkarkabir@example.org
587,Farhan Kant,Kolkata,West Bengal,+911436214155,bakhshi16@example.net
588,Timothy Oommen,Lucknow,Uttar Pradesh,6816816709,tpatil@example.net
589,Ishanvi Edwin,Kolkata,West Bengal,05419576068,ypalan@example.org
590,Damyanti Banik,Pune,Maharashtra,+919025764661,forum72@example.net
591,Joshua Korpal,Kolkata,West Bengal,06032214662,santnimrat@example.com
592,Harrison Lata,Kolkata,West Bengal,+918757583170,wagleaadhya@example.com
593,Aahana Bhakta,Lucknow,Uttar Pradesh,2340710785,ebal@example.net
594,Wyatt Dar,Hyderabad,Telangana,01220372266,jhalaksathe@example.org
595,Anay Barad,Hyderabad,Telangana,+917912876225,timothybajaj@example.com
596,Gagan Kata,Hyderabad,Telangana,+915574863117,sarthaksamra@example.com
597,Samuel Sheth,Chennai,Tamil Nadu,00549355780,yashodharakalita@example.org
598,Indali Kumer,Mumbai,Maharashtra,05083163781,tejasissac@example.org
599,Yuvraj Chokshi,Chennai,Tamil Nadu,+913926167152,hritik49@example.net
600,Aryan Chahal,Kolkata,West Bengal,6439496418,cnarain@example.org
601,Upkaar Keer,Mumbai,Maharashtra,08850699421,haritanarang@example.com
602,Anika Sha,Bangalore,Karnataka,3953916261,adweta88@example.com
603,Jalsa Manne,Chennai,Tamil Nadu,+918421116915,walioeshi@example.org
604,Odika Maharaj,Chennai,Tamil Nadu,0358487265,williamranganathan@example.net
605,Yashasvi Narayan,Lucknow,Uttar Pradesh,+913031219819,fsalvi@example.com
606,Zashil Dhar,Hyderabad,Telangana,03324445565,onkartella@example.com
607,Lakshit Warrior,Hyderabad,Telangana,+916688885066,wardashan@example.org
608,Zarna Mistry,Mumbai,Maharashtra,06014987397,graju@example.net
609,Meghana Shanker,Chennai,Tamil Nadu,1874207123,rajsamesh@example.org
610,Ishaan Sastry,Hyderabad,Telangana,2312855196,sgolla@example.org
611,Harshil Chand,Chennai,Tamil Nadu,2386917131,udant98@example.com
612,Wridesh Vora,Kolkata,West Bengal,+911152928647,kondabakhshi@example.com
613,Ekaja Oza,Bangalore,Karnataka,9550878385,meghakrishnan@example.org
614,Chameli Mangal,Hyderabad,Telangana,+910605621707,qadimzacharia@example.net
615,Yachana Lalla,Delhi,Delhi,+910353570801,saumyatailor@example.org
616,Darsh Mitra,Bangalore,Karnataka,+913744209852,vaishnavidyal@example.net
617,Yasti Dhillon,Hyderabad,Telangana,9060288055,rdesai@example.com
618,Aashi Agrawal,Delhi,Delhi,+912729182077,ohalder@example.org
619,Vivaan Ramesh,Delhi,Delhi,+914106451168,garganamika@example.com
620,Shravya Bora,Hyderabad,Telangana,0729369223,krishsane@example.org
621,Varsha Dyal,Bangalore,Karnataka,+910963414529,chandreshkrishnan@example.net
622,Zilmil Kothari,Lucknow,Uttar Pradesh,+912827637329,baradmichael@example.org
623,Rushil Sami,Mumbai,Maharashtra,+919511446065,meghanagour@example.com
624,Girish Saini,Delhi,Delhi,5497313371,aarini09@example.com
625,Gabriel Kala,Hyderabad,Telangana,8229244984,usekhon@example.org
626,Advay Wali,Lucknow,Uttar Pradesh,00975761842,nidraborde@example.com
627,Christopher Merchant,Lucknow,Uttar Pradesh,0103963536,wazirsrinivasan@example.org
628,Karan Venkatesh,Lucknow,Uttar Pradesh,4285269431,virajsani@example.net
629,Ganga Hari,Kolkata,West Bengal,07958445704,hnath@example.com
630,Anamika Narula,Bangalore,Karnataka,7465555398,sinhaaditya@example.net
631,Darsh Vaidya,Delhi,Delhi,+913787694723,dalbirray@example.net
632,Pratyush Sridhar,Hyderabad,Telangana,5982382585,ekani50@example.net
633,Omya Thakkar,Lucknow,Uttar Pradesh,+915009356697,chaturadhillon@example.com
634,Bhavya Bajaj,Mumbai,Maharashtra,+913470980429,hchaudhuri@example.com
635,Kamala Sheth,Mumbai,Maharashtra,7139202775,noah45@example.com
636,Balveer Verma,Pune,Maharashtra,07700614552,gourdhruv@example.org
637,Bimala Das,Lucknow,Uttar Pradesh,2736323570,neel31@example.com
638,Ijaya Rau,Mumbai,Maharashtra,+917026936094,adya18@example.net
639,Chaitaly Kant,Delhi,Delhi,+916468423916,bumbluke@example.org
640,Zinal Nadig,Bangalore,Karnataka,3720653607,chatresh55@example.org
641,Balvan Bhardwaj,Bangalore,Karnataka,00524125381,charandhillon@example.com
642,Isaac Morar,Hyderabad,Telangana,+911055644963,cnadkarni@example.net
643,Omaja Rajagopal,Mumbai,Maharashtra,03620541393,dugaryashoda@example.com
644,Saumya Sarraf,Chennai,Tamil Nadu,01031967961,hitesh88@example.org
645,Victor Loke,Mumbai,Maharashtra,08911748348,kadakiaaarnav@example.org
646,Yashawini Shroff,Pune,Maharashtra,6516738111,upkaarsahota@example.com
647,Arunima Pingle,Chennai,Tamil Nadu,+915694202368,charan61@example.org
648,Dev Munshi,Pune,Maharashtra,09782158795,nirja16@example.org
649,Azaan Borah,Lucknow,Uttar Pradesh,+911800719853,hardikwadhwa@example.org
650,Aditya Pathak,Lucknow,Uttar Pradesh,+913950683351,zaidlata@example.org
651,Ekaraj Venkataraman,Hyderabad,Telangana,+912817596595,vedamody@example.com
652,Riya Borra,Pune,Maharashtra,01391644998,laban97@example.net
653,Nitesh Kanda,Hyderabad,Telangana,01211792328,shivansh52@example.com
654,Bina Wable,Delhi,Delhi,3016844887,kharelavanya@example.org
655,Amara Deo,Mumbai,Maharashtra,09104437046,balaucchal@example.org
656,Krisha Pant,Chennai,Tamil Nadu,02160383588,alka24@example.com
657,Christopher Rana,Chennai,Tamil Nadu,+918384325690,ployal@example.com
658,Brijesh Murthy,Hyderabad,Telangana,8311007358,sdey@example.com
659,Vinaya Desai,Mumbai,Maharashtra,+918927927810,tanejapranit@example.com
660,Yashvi Nayak,Bangalore,Karnataka,9393529396,wriddhish68@example.net
661,Gagan Nayar,Chennai,Tamil Nadu,09234993130,warjas79@example.com
662,Xavier Dugal,Bangalore,Karnataka,+918686928531,leelarattan@example.org
663,Yochana Bhardwaj,Mumbai,Maharashtra,02738988059,ishwarmitra@example.org
664,Rayaan Bhattacharyya,Bangalore,Karnataka,00223363523,forumkapadia@example.com
665,Ekapad Wable,Delhi,Delhi,04720793902,narasimhandayita@example.com
666,Balvan Badal,Pune,Maharashtra,3367379083,beraadweta@example.org
667,Yachana Vala,Lucknow,Uttar Pradesh,08537580306,bhavna70@example.com
668,Teerth Sarraf,Lucknow,Uttar Pradesh,3606622434,contractoryatin@example.com
669,Edhitha Singhal,Hyderabad,Telangana,07342544367,arunimasaha@example.com
670,Suhani Mangat,Delhi,Delhi,4062187829,vedhikanair@example.com
671,Saksham Rout,Chennai,Tamil Nadu,2127009477,yashodhara12@example.org
672,Michael Morar,Hyderabad,Telangana,5720028768,jananiramachandran@example.com
673,George Sastry,Hyderabad,Telangana,03437521924,omya54@example.com
674,Harsh Mand,Lucknow,Uttar Pradesh,+917401413270,diya98@example.net
675,Devika Subramaniam,Mumbai,Maharashtra,05386733557,zaid99@example.com
676,Shivansh Dalal,Chennai,Tamil Nadu,+914643770440,tarak10@example.net
677,Lila Yadav,Hyderabad,Telangana,8589846116,rattanchandani@example.com
678,Darpan Hora,Chennai,Tamil Nadu,01075291091,unninarayanan@example.com
679,Krishna Shetty,Pune,Maharashtra,8702475309,adyasuri@example.com
680,Onveer Amble,Mumbai,Maharashtra,+916416302333,kulkarnibenjamin@example.net
681,Rishi Choudhry,Chennai,Tamil Nadu,04638333644,zsrivastava@example.org
682,Dhriti Gaba,Bangalore,Karnataka,07151647432,brinda51@example.com
683,Jatin Sanghvi,Hyderabad,Telangana,2152021522,rajhredhaan@example.org
684,Yachana Borah,Bangalore,Karnataka,01109761359,rmisra@example.net
685,Nilima Pandya,Mumbai,Maharashtra,02033664497,juppal@example.com
686,Ladli Murty,Delhi,Delhi,7802131468,rajagopalannilima@example.com
687,Samar Singhal,Bangalore,Karnataka,+912228535681,garima57@example.org
688,Avni Gupta,Hyderabad,Telangana,04280475793,bina27@example.net
689,Isaac Khurana,Hyderabad,Telangana,07618588473,okothari@example.com
690,Balhaar Chawla,Lucknow,Uttar Pradesh,03979388951,gautamchahal@example.org
691,Naveen Ray,Mumbai,Maharashtra,5549275601,imaran75@example.org
692,Omkaar Keer,Lucknow,Uttar Pradesh,+914016697264,srinivasdarika@example.net
693,Farhan Brahmbhatt,Hyderabad,Telangana,07439791339,bramakrishnan@example.com
694,Avi Banik,Pune,Maharashtra,08580755617,daniel75@example.org
695,Veda Natarajan,Hyderabad,Telangana,08314692795,krishna02@example.com
696,Om Atwal,Lucknow,Uttar Pradesh,01549589577,lakshsharaf@example.org
697,Tanish Prashad,Lucknow,Uttar Pradesh,07637935630,guneet34@example.org
698,Banjeet Nayak,Mumbai,Maharashtra,04578838057,reddyrachita@example.com
699,Pooja Lad,Delhi,Delhi,+917289608553,tnarain@example.com
700,Damyanti Gupta,Pune,Maharashtra,07622744349,dubeyuvraj@example.org
701,Mugdha Rajagopal,Kolkata,West Bengal,2855209376,nicholas37@example.net
702,Victor Sekhon,Hyderabad,Telangana,+913568341407,patlasaksham@example.org
703,Ronith Hayre,Delhi,Delhi,4543509006,ramachandrandevansh@example.net
704,Maanav Bahri,Mumbai,Maharashtra,+918056249018,hredhaan96@example.net
705,Hredhaan Ranganathan,Chennai,Tamil Nadu,+912164184628,keeraayush@example.com
706,Harrison Pai,Delhi,Delhi,00297809358,udarsh62@example.net
707,Gopal Chana,Hyderabad,Telangana,6997922215,jeet86@example.com
708,Hiral Kannan,Delhi,Delhi,02777358074,dgolla@example.net
709,Leela Andra,Bangalore,Karnataka,+919900110935,henry95@example.com
710,Aradhana Kala,Lucknow,Uttar Pradesh,8432847615,ggara@example.com
711,Saanvi Barman,Lucknow,Uttar Pradesh,+911936188638,leena63@example.net
712,Ishwar Pandey,Hyderabad,Telangana,+912517793247,anikaswaminathan@example.com
713,Urvi Nagi,Bangalore,Karnataka,6535799814,bawamatthew@example.org
714,Kevin Viswanathan,Pune,Maharashtra,7845262740,ranne@example.com
715,Hritik Kaur,Lucknow,Uttar Pradesh,09571612601,rbrahmbhatt@example.org
716,Samarth Badami,Mumbai,Maharashtra,6509631796,dbuch@example.com
717,Chaman Bassi,Lucknow,Uttar Pradesh,8603515514,sachardevika@example.net
718,Azaan Datta,Kolkata,West Bengal,06126259989,gkale@example.com
719,Onkar Ramachandran,Pune,Maharashtra,07632674180,michaelsamra@example.com
720,Eta Nair,Kolkata,West Bengal,2896456352,waida53@example.com
721,Ishaan Gandhi,Kolkata,West Bengal,09976516988,vanya52@example.com
722,Jalsa Bedi,Mumbai,Maharashtra,5659555456,tbhattacharyya@example.org
723,Amrita Dubey,Bangalore,Karnataka,06179632895,harish09@example.net
724,Sai Patla,Kolkata,West Bengal,09736510370,urvinigam@example.org
725,Balhaar Mital,Pune,Maharashtra,1870371981,balveerbasak@example.com
726,Harish Batra,Lucknow,Uttar Pradesh,09427861883,pavani30@example.net
727,Varenya Mall,Hyderabad,Telangana,+919437551744,battasimon@example.org
728,Bachittar Loke,Pune,Maharashtra,+916582389754,sudikshadeep@example.net
729,Girindra Varma,Delhi,Delhi,3204967155,bhasinsaksham@example.org
730,Tanmayi Doshi,Lucknow,Uttar Pradesh,04385992082,anthonyprabhakar@example.net
731,Madhavi Kuruvilla,Mumbai,Maharashtra,3805559314,lpatel@example.com
732,Omya Panchal,Kolkata,West Bengal,1295249929,bimalasridhar@example.org
733,Aahana Peri,Hyderabad,Telangana,03195999650,yashodhara56@example.net
734,Pooja Deol,Kolkata,West Bengal,+913237047858,abhimanyugera@example.com
735,Raksha Varkey,Mumbai,Maharashtra,+911797457329,raghav46@example.com
736,Saksham Issac,Pune,Maharashtra,1350191350,dhingrapratyush@example.org
737,Rajata Karnik,Delhi,Delhi,06032670673,haritamitra@example.org
738,Omkaar Banerjee,Lucknow,Uttar Pradesh,+918603663902,warjas27@example.org
739,Ridhi Soni,Pune,Maharashtra,+915190038872,halderjagdish@example.com
740,Girish Bhargava,Delhi,Delhi,00460876978,bahadurjit85@example.org
741,Ekaja Krish,Chennai,Tamil Nadu,07585452653,anya37@example.com
742,Yashawini Din,Kolkata,West Bengal,8727938339,fcomar@example.net
743,Kalpit Munshi,Lucknow,Uttar Pradesh,00906896751,bhasinsai@example.org
744,Gaurika Pandey,Lucknow,Uttar Pradesh,+914333524220,onibansal@example.org
745,Kashvi Sami,Delhi,Delhi,+918545662538,brijesh66@example.org
746,Ojasvi Shere,Chennai,Tamil Nadu,+915632422232,ekavirsaxena@example.com
747,Ikshita Nadkarni,Hyderabad,Telangana,+918941255433,karandhingra@example.org
748,Reyansh Oak,Bangalore,Karnataka,04749858833,bkala@example.net
749,Chaitaly Kala,Hyderabad,Telangana,+912658083736,mannanmahika@example.com
750,Vasudha Sood,Lucknow,Uttar Pradesh,06552897069,thomasbasak@example.org
751,Harini Mitra,Lucknow,Uttar Pradesh,2282310440,jvarma@example.com
752,Reva Purohit,Mumbai,Maharashtra,+919445855665,yochanasen@example.net
753,Amruta Yadav,Delhi,Delhi,+916051601446,chandanisodhi@example.org
754,Unnati Srivastava,Chennai,Tamil Nadu,08096659162,bedifalak@example.net
755,Nicholas Chacko,Bangalore,Karnataka,+911792354390,ibhat@example.org
756,Forum Sibal,Hyderabad,Telangana,00666383492,dakshesh79@example.org
757,Jackson Kunda,Delhi,Delhi,+914098630737,ojasvi06@example.org
758,Pahal Johal,Pune,Maharashtra,0625916728,agatenaveen@example.com
759,Caleb Shroff,Mumbai,Maharashtra,5213714648,kissac@example.com
760,Udyati Gara,Chennai,Tamil Nadu,03234289666,manannair@example.com
761,Zaid Lalla,Mumbai,Maharashtra,+914475156421,chopraadvay@example.com
762,Aishani Anne,Lucknow,Uttar Pradesh,7109570390,ranganathanyatan@example.com
763,Bina Sarma,Mumbai,Maharashtra,08776347972,aarnavgole@example.org
764,Falan Puri,Bangalore,Karnataka,01987941387,ekbalkant@example.net
765,Meera Chakraborty,Lucknow,Uttar Pradesh,09007736562,nidhiaggarwal@example.net
766,Daksha Sani,Hyderabad,Telangana,+912759707430,farhanmand@example.org
767,Aachal Sundaram,Hyderabad,Telangana,8731227632,veerkade@example.net
768,Tanish Chad,Pune,Maharashtra,8857377010,paigaurangi@example.com
769,Ekaraj Shankar,Lucknow,Uttar Pradesh,+911014283779,om60@example.org
770,Caleb Sidhu,Lucknow,Uttar Pradesh,1137904439,sachdevwakeeta@example.com
771,Rishi Baral,Chennai,Tamil Nadu,1596602260,pushtimenon@example.org
772,Ayaan Balakrishnan,Lucknow,Uttar Pradesh,+918164138601,guhaakshay@example.com
773,Shivansh Mand,Bangalore,Karnataka,+919969028254,yashicachokshi@example.org
774,Krishna Ray,Pune,Maharashtra,+915876605001,pooja16@example.org
775,Mekhala Palan,Chennai,Tamil Nadu,+919481703296,ekiya59@example.net
776,Rajata Bala,Bangalore,Karnataka,8077552887,rishichana@example.org
777,Daniel Sethi,Mumbai,Maharashtra,05998219106,utak@example.org
778,Damyanti Chadha,Hyderabad,Telangana,4487965632,nsura@example.com
779,Balhaar Bassi,Pune,Maharashtra,1564076529,bmurthy@example.org
780,Bahadurjit Jain,Kolkata,West Bengal,06106746574,tripti61@example.net
781,Vedant Cherian,Hyderabad,Telangana,+916272083570,shivanshsankaran@example.net
782,Xalak Johal,Delhi,Delhi,8863165456,kalegaurangi@example.org
783,Varsha Khare,Hyderabad,Telangana,+918370997697,bakhshi61@example.net
784,Keya Dora,Hyderabad,Telangana,+912919072905,mekhalabalasubramanian@example.net
785,Logan Mitter,Lucknow,Uttar Pradesh,+913517372704,csharma@example.com
786,Nidra Mani,Bangalore,Karnataka,01606956029,smodi@example.org
787,Urmi Luthra,Lucknow,Uttar Pradesh,+915265736794,rattideepa@example.com
788,Chaaya Iyengar,Lucknow,Uttar Pradesh,+917636893274,upasnabuch@example.com
789,Chanchal Dash,Kolkata,West Bengal,01603024124,bsane@example.net
790,Januja Hayer,Kolkata,West Bengal,5914600573,fkalita@example.org
791,Dhriti Saxena,Pune,Maharashtra,+919634413100,nathbalendra@example.com
792,Theodore Sangha,Lucknow,Uttar Pradesh,6963264012,nidhi62@example.org
793,Mekhala Mishra,Kolkata,West Bengal,+914735189026,epandya@example.com
794,Laban Tata,Chennai,Tamil Nadu,+916206438065,shankervamakshi@example.com
795,Gavin Ravel,Chennai,Tamil Nadu,6827540474,idoctor@example.org
796,Yadavi Chaudhari,Pune,Maharashtra,3868181918,wardamurthy@example.com
797,Laban Dani,Chennai,Tamil Nadu,03891165955,mayabajwa@example.com
798,Gayathri Gopal,Pune,Maharashtra,+917817122649,gademason@example.net
799,Ekanta Parmer,Delhi,Delhi,4325955746,bhavnamanne@example.net
800,Yauvani Patel,Kolkata,West Bengal,+910362201239,ngokhale@example.com
801,Kabir Seth,Lucknow,Uttar Pradesh,9058763633,uvenkatesh@example.com
802,Thomas Chandra,Pune,Maharashtra,07386900559,jonathan64@example.net
803,Chaman Bansal,Pune,Maharashtra,2457219928,anikajha@example.com
804,Oscar Goel,Bangalore,Karnataka,+911679912585,varenyadar@example.com
805,Devika Lal,Lucknow,Uttar Pradesh,+915386879115,matthewdara@example.com
806,Qarin Balan,Delhi,Delhi,+911856005529,duttakai@example.com
807,Chanakya Shanker,Bangalore,Karnataka,02763008558,rtalwar@example.com
808,Chandran Sachdeva,Kolkata,West Bengal,05988537767,sankarbhavini@example.com
809,Tanveer Ray,Mumbai,Maharashtra,+917686069286,sathvikwadhwa@example.net
810,Upma Palan,Lucknow,Uttar Pradesh,01953487147,tristan25@example.net
811,Hemani Bhattacharyya,Mumbai,Maharashtra,3288131201,fshere@example.net
812,Ranbir Apte,Lucknow,Uttar Pradesh,09666153054,fsibal@example.com
813,Watika Om,Delhi,Delhi,07510038551,cparmar@example.org
814,Saanvi Chowdhury,Bangalore,Karnataka,06428636009,patrickmohan@example.com
815,Anmol Sridhar,Pune,Maharashtra,+912899513432,aroraupasna@example.org
816,Yauvani Pal,Bangalore,Karnataka,9241226911,talwarayush@example.com
817,Maanav Golla,Mumbai,Maharashtra,5645283634,idika33@example.com
818,Osha Dar,Lucknow,Uttar Pradesh,+916317234653,ronithapte@example.net
819,Parth Issac,Hyderabad,Telangana,09696090044,kamya84@example.net
820,Vedika Kohli,Kolkata,West Bengal,7481550685,pdada@example.com
821,Hamsini Pal,Pune,Maharashtra,6038398177,ishan@example.net
822,Indali Hayer,Mumbai,Maharashtra,+914998368423,hayerryan@example.net
823,Owen Deshpande,Kolkata,West Bengal,+916109571820,jairama@example.com
824,Victor Goda,Pune,Maharashtra,03249355503,bhatnagartanish@example.org
825,Nimrat Zacharia,Kolkata,West Bengal,6339207360,faqidsani@example.org
826,Samarth Om,Lucknow,Uttar Pradesh,03736555613,kvarghese@example.net
827,Harita Modi,Delhi,Delhi,+917041201879,thomas97@example.org
828,Neha Rao,Mumbai,Maharashtra,04284838227,biswaschaman@example.org
829,Panini Majumdar,Chennai,Tamil Nadu,6475870080,wriddhishdeo@example.org
830,Harish Dhar,Hyderabad,Telangana,1378937494,doctorindira@example.com
831,Meera Wagle,Chennai,Tamil Nadu,03091198296,vsunder@example.org
832,Nitesh Palan,Mumbai,Maharashtra,0494340019,echowdhury@example.org
833,Omya Khare,Pune,Maharashtra,+914556397839,bhavinibanik@example.com
834,Barkha Som,Mumbai,Maharashtra,8949178562,pandyaomisha@example.net
835,Leela Dayal,Mumbai,Maharashtra,08914510242,rameshkrishna@example.com
836,Kashish Deep,Lucknow,Uttar Pradesh,0952292179,shuklameera@example.net
837,Adya Madan,Bangalore,Karnataka,1556907465,ushanker@example.net
838,Bhavika Varghese,Hyderabad,Telangana,06101528840,dhritidesai@example.com
839,Krish Vig,Delhi,Delhi,06382604227,idikamanda@example.org
840,Amaira Gour,Delhi,Delhi,04165071583,upmagokhale@example.com
841,Garima Borra,Kolkata,West Bengal,+918576639769,barkhacherian@example.org
842,Sai Hegde,Delhi,Delhi,+919003578100,anitasingh@example.net
843,Christopher Walla,Hyderabad,Telangana,+919292328602,lkaran@example.net
844,Umang Singhal,Kolkata,West Bengal,+912524519874,bhavani98@example.com
845,Mohini Kamdar,Kolkata,West Bengal,+918360270449,peridev@example.net
846,Advika Bansal,Pune,Maharashtra,02981443143,vincentgara@example.net
847,Rachit Wali,Bangalore,Karnataka,02967843171,chaitaly85@example.org
848,Anjali Dasgupta,Chennai,Tamil Nadu,00523131860,manbir35@example.com
849,Yatan Mitter,Pune,Maharashtra,+917059142359,mitalibhalla@example.com
850,Imaran Mittal,Bangalore,Karnataka,2366922627,rratti@example.net
851,Harshil Kohli,Bangalore,Karnataka,04169134554,watikachand@example.net
852,Pranav Anne,Bangalore,Karnataka,1912593448,harifariq@example.net
853,Nimrat Bal,Mumbai,Maharashtra,8611971590,nbhandari@example.net
854,Anirudh Bansal,Pune,Maharashtra,+910731846399,eta86@example.org
855,Jyoti Dube,Chennai,Tamil Nadu,+916869233299,niharika32@example.org
856,Wridesh Choudhry,Lucknow,Uttar Pradesh,1540683708,divyakhatri@example.com
857,Amaira Morar,Bangalore,Karnataka,4464230707,vvarma@example.org
858,Teerth Nagar,Chennai,Tamil Nadu,09913435141,eiravatinigam@example.net
859,Yashawini Mand,Lucknow,Uttar Pradesh,7175172256,hemanibassi@example.com
860,Aadi Halder,Hyderabad,Telangana,8156798936,dassaarna@example.net
861,Bimala Bumb,Lucknow,Uttar Pradesh,+910847763912,chakrikadevan@example.net
862,Unnati Nazareth,Hyderabad,Telangana,01514164295,madhav77@example.net
863,Mohammed Dhingra,Delhi,Delhi,2776078368,darikadara@example.net
864,Abhiram Mutti,Lucknow,Uttar Pradesh,05813970426,warjas71@example.net
865,Oviya Dayal,Hyderabad,Telangana,+919978315185,omya22@example.org
866,Vedant Keer,Bangalore,Karnataka,1721072085,bchopra@example.org
867,Garima Chhabra,Mumbai,Maharashtra,+911725557162,nirjamishra@example.com
868,Gautami Chokshi,Lucknow,Uttar Pradesh,+919937778057,maanav78@example.net
869,Samuel Grewal,Kolkata,West Bengal,+919282257429,degarima@example.com
870,Triya Memon,Hyderabad,Telangana,8738339939,balayjack@example.com
871,Vasudha Nori,Pune,Maharashtra,+912967181054,utkarsh01@example.com
872,Tanay Khosla,Hyderabad,Telangana,03627560038,tsarraf@example.net
873,Nisha Swaminathan,Lucknow,Uttar Pradesh,+917532604646,sainidayamai@example.net
874,Rachit Dutta,Hyderabad,Telangana,+916325191963,kpalan@example.org
875,Zaitra Koshy,Chennai,Tamil Nadu,+913544831395,keyachacko@example.net
876,Daksha Sharma,Pune,Maharashtra,1326256485,gourrachana@example.net
877,Yashica Rama,Lucknow,Uttar Pradesh,09884280094,watikakala@example.org
878,Chakrika Chakrabarti,Mumbai,Maharashtra,03110246821,choprafaras@example.org
879,Dev Gopal,Chennai,Tamil Nadu,06391778161,jacob56@example.net
880,Warda Bava,Pune,Maharashtra,04884815651,alexanderdani@example.com
881,Manya Jain,Kolkata,West Bengal,3510392475,hapte@example.net
882,Nidra Garg,Hyderabad,Telangana,6669988155,shivansh36@example.net
883,Faras Chawla,Hyderabad,Telangana,4310192514,pganguly@example.net
884,Ishita Sehgal,Delhi,Delhi,06420583314,zchoudhry@example.com
885,Adweta Gole,Pune,Maharashtra,+911174705884,kavyaseshadri@example.net
886,Azaan Mall,Hyderabad,Telangana,+914973794473,binakar@example.org
887,Tarak Dugar,Delhi,Delhi,06153183927,peter51@example.com
888,Qadim Gara,Delhi,Delhi,08972361879,dhaliwalgeetika@example.net
889,Yashawini Aggarwal,Lucknow,Uttar Pradesh,6482699405,gbath@example.net
890,William Contractor,Hyderabad,Telangana,0806080163,manthanseth@example.com
891,Henry Mistry,Chennai,Tamil Nadu,6416088326,nitara45@example.org
892,Rachana Rama,Kolkata,West Bengal,07990726478,balveermukhopadhyay@example.org
893,Hardik Ganesan,Chennai,Tamil Nadu,09267630555,nandinipalla@example.org
894,Rehaan Deol,Chennai,Tamil Nadu,+912914313504,kandachaman@example.net
895,Ishwar Narang,Hyderabad,Telangana,02548949475,ishaan91@example.com
896,Hardik Mittal,Bangalore,Karnataka,02805813955,andrewsaini@example.org
897,Harita Pau,Mumbai,Maharashtra,4560882248,prakashnaksh@example.com
898,Jagvi Chaudhari,Delhi,Delhi,5973967683,wpingle@example.org
899,Naksh Walla,Hyderabad,Telangana,+914167374135,ekani92@example.org
900,Wriddhish Uppal,Lucknow,Uttar Pradesh,+918412709941,frederickmadan@example.com
901,Zilmil Pant,Delhi,Delhi,3403093620,chandresh00@example.org
902,Aarna Parmar,Kolkata,West Bengal,+914998313272,baljiwan74@example.net
903,Mitesh Gandhi,Bangalore,Karnataka,02772025790,bailjackson@example.com
904,Hredhaan Patla,Mumbai,Maharashtra,+911139206464,meeraoza@example.net
905,William Baria,Hyderabad,Telangana,07106491072,tarak10@example.com
906,Nathaniel Sandal,Kolkata,West Bengal,+917056518631,amblemanan@example.net
907,Hiral Kara,Pune,Maharashtra,08367541183,henry31@example.org
908,Geetika Lalla,Bangalore,Karnataka,07719608322,balayaarini@example.com
909,Kashvi Kunda,Chennai,Tamil Nadu,05790755146,deybhanumati@example.com
910,Yagnesh Sanghvi,Bangalore,Karnataka,09007081155,mpalan@example.net
911,Ekapad Kaur,Kolkata,West Bengal,+912727395715,auroravasatika@example.net
912,Abhimanyu Manne,Hyderabad,Telangana,3650139418,chandran18@example.net
913,Ishani Divan,Bangalore,Karnataka,+917974751131,bishakhapatel@example.net
914,Yashica Butala,Hyderabad,Telangana,6510125129,falanprashad@example.net
915,Dayita Dhillon,Lucknow,Uttar Pradesh,08604784807,advikmane@example.com
916,Anika Bajwa,Hyderabad,Telangana,+914660834557,pallaeesha@example.org
917,Indrajit Andra,Kolkata,West Bengal,5111633701,ydhar@example.com
918,Yashica Subramanian,Mumbai,Maharashtra,7287703305,ebanerjee@example.org
919,Hemangini Sarna,Lucknow,Uttar Pradesh,7373497073,upasnadey@example.net
920,Ishita Sunder,Mumbai,Maharashtra,04426420383,saranagar@example.com
921,Ronith Varughese,Bangalore,Karnataka,01052707401,rajagopalannisha@example.com
922,Maanav Chander,Chennai,Tamil Nadu,+910445665277,anay84@example.org
923,Ria Basak,Pune,Maharashtra,6754114148,comarlibni@example.com
924,Hiral Bail,Kolkata,West Bengal,05300258148,utkarsh25@example.com
925,Chatresh Lala,Mumbai,Maharashtra,2635742912,sanya58@example.com
926,Rayaan Soman,Pune,Maharashtra,4243941330,deolvinaya@example.net
927,David Arya,Delhi,Delhi,5175667293,isarma@example.com
928,Fiyaz Yogi,Hyderabad,Telangana,05636620641,anamika37@example.org
929,Qabil Loyal,Mumbai,Maharashtra,01125461320,balveer05@example.org
930,Madhavi Dua,Lucknow,Uttar Pradesh,07230652736,boseyauvani@example.org
931,Lakshit Deo,Kolkata,West Bengal,04714613084,routdiya@example.net
932,Praneel Padmanabhan,Hyderabad,Telangana,01828233277,gkoshy@example.org
933,Siddharth Aurora,Pune,Maharashtra,06935832632,mahajantristan@example.org
934,Pooja Chandra,Kolkata,West Bengal,5569718862,ganesheiravati@example.com
935,Joshua Mannan,Mumbai,Maharashtra,09024457640,benjaminsom@example.org
936,Ekta Sahota,Chennai,Tamil Nadu,04041249461,baraldalaja@example.org
937,Girish Merchant,Lucknow,Uttar Pradesh,04355642314,prishabadal@example.net
938,Damini Hayer,Delhi,Delhi,4979015170,nadkarniveda@example.org
939,Ansh Shankar,Kolkata,West Bengal,07303927046,jackson49@example.org
940,Radhika Bail,Chennai,Tamil Nadu,9942894625,vrama@example.net
941,Nathan Bhalla,Mumbai,Maharashtra,1203758372,sandaloeshi@example.org
942,Ganga Raja,Lucknow,Uttar Pradesh,01392509139,tandonsimon@example.com
943,Ayaan Rajan,Hyderabad,Telangana,+912626215604,basakdhruv@example.com
944,Prisha Mammen,Pune,Maharashtra,9552503709,yashawini19@example.net
945,Panini Kunda,Mumbai,Maharashtra,4248210276,balaekta@example.org
946,Ikshita Kara,Bangalore,Karnataka,8527562960,ikamdar@example.com
947,Sarthak Chaudhary,Delhi,Delhi,+911626182754,balvandugar@example.org
948,Ekani Bhagat,Delhi,Delhi,+911474842946,wsane@example.org
949,Aishani Gara,Hyderabad,Telangana,+917819506002,faqid01@example.net
950,Rayaan Mander,Lucknow,Uttar Pradesh,05910784172,lganesh@example.com
951,Faris Din,Mumbai,Maharashtra,4497496951,mohinichauhan@example.net
952,Peter Prashad,Mumbai,Maharashtra,+915454098499,veda19@example.net
953,Brijesh Sibal,Chennai,Tamil Nadu,+919398816652,abdul16@example.org
954,Ansh Chowdhury,Bangalore,Karnataka,+911904949372,ybrar@example.com
955,Sneha Raj,Pune,Maharashtra,5739716885,gerajyoti@example.net
956,Zashil Madan,Lucknow,Uttar Pradesh,1966312184,kray@example.net
957,Faris Gokhale,Kolkata,West Bengal,+915295566316,thakkartanish@example.org
958,Geetika Bhavsar,Pune,Maharashtra,0379747623,chaudhryprisha@example.net
959,Gaurang Ganesh,Bangalore,Karnataka,7807718360,ravelsachi@example.org
960,Adweta Khurana,Pune,Maharashtra,02582190642,vrindavarma@example.net
961,Nandini Mukherjee,Mumbai,Maharashtra,3284576374,bhavinisami@example.com
962,Yasti Ghose,Lucknow,Uttar Pradesh,+916629127291,onidora@example.net
963,Andrew Solanki,Pune,Maharashtra,+915077846704,ogrover@example.net
964,Arunima Setty,Hyderabad,Telangana,00904171843,naidunicholas@example.net
965,Eesha Goyal,Delhi,Delhi,1481861253,zdada@example.net
966,Mohini Sarkar,Kolkata,West Bengal,4977900779,manthan06@example.com
967,Vasana Rajagopal,Chennai,Tamil Nadu,+911160816071,ayushmandhar@example.org
968,Wishi Walla,Lucknow,Uttar Pradesh,00224188789,yastisani@example.com
969,Liam Issac,Lucknow,Uttar Pradesh,08735955418,nayarshivani@example.com
970,Eesha Dass,Chennai,Tamil Nadu,6128248584,nidhirai@example.org
971,Chavvi Dasgupta,Kolkata,West Bengal,+919382965598,malhotratriveni@example.com
972,Farhan Majumdar,Mumbai,Maharashtra,6624448020,hchaudry@example.com
973,Yashasvi Krishnan,Kolkata,West Bengal,1802315622,yoshita05@example.com
974,Darika Jain,Kolkata,West Bengal,06250327170,ikbalmitra@example.net
975,Dhruv Nanda,Delhi,Delhi,04255303662,edwinguneet@example.org
976,Wyatt Wadhwa,Pune,Maharashtra,+919246420451,tanmayi72@example.com
977,Nitesh Edwin,Hyderabad,Telangana,+910758978256,yashlad@example.org
978,Tanish Mahajan,Chennai,Tamil Nadu,06294584662,wishipatel@example.com
979,Wakeeta Babu,Mumbai,Maharashtra,2249592939,banikmitali@example.net
980,Ryan Balasubramanian,Lucknow,Uttar Pradesh,+910975456136,omjanaki@example.net
981,Mitali Dara,Mumbai,Maharashtra,+910500808724,pushti25@example.org
982,Banjeet Dutta,Chennai,Tamil Nadu,04839067003,asridhar@example.org
983,Kashvi Goel,Delhi,Delhi,2951293062,harishpalla@example.com
984,Ekaraj Saha,Delhi,Delhi,+912078755095,paudalaja@example.net
985,Hema Bhatnagar,Kolkata,West Bengal,5906999938,wazirdani@example.net
986,Ishanvi Yohannan,Chennai,Tamil Nadu,0834984316,devika64@example.com
987,Hiral Toor,Bangalore,Karnataka,+918854037680,eiravatidevan@example.org
988,Onveer Rout,Chennai,Tamil Nadu,4299650975,kavya90@example.net
989,Amara Kulkarni,Mumbai,Maharashtra,00958232877,vedhika10@example.com
990,Zehaan Raval,Chennai,Tamil Nadu,2291728212,sethibishakha@example.org
991,Amara Chacko,Chennai,Tamil Nadu,01410529301,kurianakshay@example.com
992,Udyati Chad,Chennai,Tamil Nadu,+914164948492,samesh77@example.com
993,Lipika Bedi,Kolkata,West Bengal,05557851437,naksh83@example.org
994,Tanmayi Chakrabarti,Bangalore,Karnataka,1287590029,yahvi07@example.com
995,Warda Shere,Delhi,Delhi,+914500030919,farisbawa@example.net
996,Oviya Bhattacharyya,Hyderabad,Telangana,+913352153142,chamandasgupta@example.com
997,Max Peri,Bangalore,Karnataka,08367486920,sethdeepa@example.com
998,Naveen Agate,Bangalore,Karnataka,4952372465,iyerkrisha@example.com
999,Charles Krishnamurthy,Hyderabad,Telangana,05367563271,ishanvi08@example.com
1000,Aarush Narang,Bangalore,Karnataka,1666862913,oakarin@example.com
