customer_id,name,email,city,signup_date
1,Allison Hill,donaldgarcia@example.net,New Roberttown,2023-12-01
2,Jonathan Johnson,jennifermiles@example.com,South Bridget,2023-07-19
3,Caitlin Henderson,eric51@example.org,Davisstad,2026-01-31
4,Andrew Stevens,dudleynicholas@example.net,Mariastad,2025-12-21
5,Benjamin Stanley,tracie31@example.com,Shawnstad,2024-03-17
6,Daniel Adams,lynchgeorge@example.net,East Steven,2024-08-31
7,Margaret Hawkins DDS,perezantonio@example.com,Adamsborough,2025-12-06
8,Emily Rios,pwilkerson@example.com,West Donald,2025-11-27
9,Nicole Patterson,icox@example.net,Daviston,2023-12-26
10,Christopher Becker,,Tashatown,2026-05-30
11,Melanie Herrera,kayla51@example.com,Mooretown,2024-08-21
12,Pamela Romero,harrellkenneth@example.net,East Nathaniel,2024-03-15
13,Paula Moreno,georgetracy@example.org,Natashaport,2024-07-14
14,Shawn Arroyo,dennislisa@example.net,East Donna,2025-11-09
15,Joseph Obrien,sarahcampos@example.net,Lake Larry,2026-05-17
16,Jessica Holmes,wrightcaleb@example.org,New Jeffrey,2023-10-27
17,Amy Jones,heathchad@example.org,Elizabethborough,2025-10-23
18,Timothy Duncan,esanchez@example.com,North Collin,2025-05-08
19,Jason Shields,nuneztracey@example.org,South Jessicaville,2024-07-29
20,Joshua Taylor,joshuawright@example.org,Mortonside,2023-12-08
21,Zachary Huff,housemelinda@example.org,Tuckerborough,2025-03-22
22,Carmen Smith,ybaker@example.com,Rodneyside,2026-05-02
23,Brittney Phillips,rileyamy@example.net,Brianshire,2025-07-18
24,Sarah Moore,yorkcasey@example.org,South David,2025-12-09
25,Kristopher Harvey,ksandoval@example.net,Sarahborough,2026-05-14
26,Cynthia Foster,stephen10@example.com,North Amandahaven,2024-08-23
27,Gregory Jones,mikemoore@example.net,Cherylhaven,2023-07-21
28,Kristen Huynh,mcmillandennis@example.org,Lake Angelaview,2024-09-18
29,Michelle Harris,william40@example.org,Calderonton,2023-07-14
30,Carlos Whitney,joycearnold@example.com,North Charlesberg,2025-11-02
31,Jacob Tran,tanderson@example.com,West Jasonbury,2026-05-10
32,Richard Henson,vdickson@example.org,Port Francisco,2024-04-09
33,Allison Doyle,kimberly63@example.com,Port Jacqueline,2025-02-22
34,Shannon Walker,ybailey@example.org,North Donna,2025-03-18
35,Sean Rasmussen,michael86@example.net,Sheilaville,2024-08-17
36,Victor Baker,carlsonmichael@example.com,Obrienhaven,2024-01-04
37,Kenneth Scott,zsmith@example.net,West Ryan,2026-05-05
38,Lisa Alvarado,cortezkevin@example.com,Nguyenport,2025-11-16
39,Jason Bentley,christinaturner@example.net,West Justinchester,2025-12-25
40,Erica Ramos,williamleon@example.net,Lake Christopher,2025-09-16
41,Lisa Davis,emilywalker@example.org,North Brandon,2025-07-16
42,Patricia Gibson,jennifercruz@example.com,East Diana,2023-07-17
43,Shannon Mcclure,zrobinson@example.net,Williamsbury,2024-01-13
44,Robert Contreras,stephanie79@example.net,Rivasside,2025-05-31
45,Natasha Wells,karen48@example.com,West Scott,2024-09-24
46,George Orozco,taylorjesse@example.net,Lake Jason,2025-04-13
47,Joshua Perry,marissaprice@example.net,Port Nicoleshire,2025-02-18
48,Tommy Evans,acastaneda@example.net,South Jeffrey,2025-05-16
49,Mr. Michael Yates,marycalhoun@example.net,South Brittanytown,2023-11-16
50,Brandy Murray,greenmark@example.com,Matthewfurt,2024-09-13
51,Sandra King,ruizkaitlyn@example.org,Jeffreyland,2026-04-16
52,Andre Wright,howelljohn@example.com,New Staciemouth,2026-06-29
53,Jacob Obrien,stricklandfrank@example.com,New Anthonyport,2025-12-19
54,Tina Sanders,charlesvaughn@example.net,North Heidi,2024-10-19
55,Lindsay Martinez,reedross@example.com,New Deborahtown,2025-04-21
56,Ashley Yu,bzimmerman@example.org,Christinaside,2025-07-29
57,Roger Vargas,melissa14@example.com,Port Steven,2026-02-11
58,Gabrielle Snyder,hunter35@example.com,Joshuaview,2025-11-18
59,Travis Miller,wfreeman@example.org,Brewerfort,2025-06-04
60,Anna Walker,kevinperkins@example.com,Ronaldside,2024-12-03
61,Jesse Parker,davidlee@example.org,East Javier,2025-07-30
62,Kevin Wolf,tina34@example.org,Harrytown,2025-10-15
63,Angel Brown,heidi27@example.org,New Justinfort,2025-05-23
64,Vincent King,ewilson@example.com,Joneston,2024-02-29
65,Justin Torres,davidduran@example.net,Port Alexandra,2025-06-07
66,Elizabeth Chapman,ntorres@example.org,Port Jaredborough,2024-08-23
67,Brooke Thompson,moorericky@example.net,,2024-09-28
68,Michele Gibson,sandrafrench@example.net,South Danny,2024-06-22
69,Susan Serrano,,Scottmouth,2026-06-12
70,James Nelson,mkim@example.org,Navarroview,2023-08-18
71,Vernon Huff,keyemily@example.com,Port Katelynfort,2025-09-22
72,Sydney White,fwalters@example.org,Baileymouth,2024-11-18
73,Shannon Rivera,zroberts@example.net,South Christopherview,2024-11-22
74,Raymond Hancock,,East Aprilfort,2026-03-06
75,Anthony Adams,sarakim@example.net,Martinezbury,2024-03-11
76,Adam Russell,victoriadurham@example.com,Lake Marilynfort,2024-10-04
77,Denise Davenport,jsanchez@example.org,Leehaven,2024-02-06
78,Desiree Tyler,ymorgan@example.net,Loriport,2024-10-14
79,Lauren Keller,seanwashington@example.com,Gibsonmouth,2024-04-27
80,Mrs. Janet Chase,vwilliams@example.com,Hughesberg,2025-08-16
81,Beth Sanford,molly71@example.net,Smithberg,2025-04-05
82,Tracy Jones,matthew61@example.com,Finleyfort,2025-10-26
83,Barry Welch,wendy16@example.org,South Garrettport,2023-08-22
84,Robert Carter,ryan38@example.com,East Gregory,2026-02-09
85,Lisa Allen,,Elizabethmouth,2024-09-27
86,Brooke Alexander,vanessa46@example.net,Stephenport,2024-05-13
87,Dr. Ashley James MD,victoria40@example.net,Hillshire,2026-06-08
88,Valerie Lozano,swall@example.org,Jefferyborough,2026-02-27
89,Perry Saunders,courtneyberger@example.net,West Kristinaton,2025-12-25
90,Carlos Browning,julie23@example.org,Alyssaview,2024-03-20
91,Roger Olson,julie51@example.com,East Karenbury,2026-05-24
92,Veronica Coffey,christopher60@example.com,South Miguelview,2026-01-02
93,Mark Watson,thomasharvey@example.net,Rosebury,2026-04-10
94,Rodney Blankenship,debra12@example.org,West Wendyville,2023-12-06
95,Joshua Price,ellen86@example.net,South Diana,2025-08-07
96,Teresa Ramirez,jeff73@example.com,Lake Michaelstad,2023-10-11
97,Colton Martinez,ndavis@example.net,North Kristinbury,2024-01-20
98,Christine Gallegos,brendali@example.org,Kimtown,2024-09-11
99,Brianna Anderson,lauren10@example.org,West Kristybury,2026-01-08
100,Christopher Williams,vfox@example.org,Weststad,2025-09-13
101,Jodi Walker,acostaregina@example.net,Stephentown,2023-10-11
102,Dr. Jessica Rodriguez DDS,fjones@example.com,North David,2026-03-04
103,Kimberly Nguyen,shawn96@example.org,Port Dianaside,2024-06-07
104,Stephen Gutierrez,uross@example.org,Ronaldview,2025-02-09
105,Melissa Wells,,Lisaside,2023-10-10
106,Kristina Rivera,jenkinsmorgan@example.com,West Carolinestad,2023-12-16
107,Christy Douglas,melaniebell@example.net,Dannyview,2025-12-16
108,Jeffrey Hoffman,lynchdiane@example.net,Anthonyview,2026-07-04
109,Tammy Bell,mollyknight@example.com,East Joycetown,2023-11-28
110,Cindy Barnes,eric45@example.net,North Ericton,2026-05-20
111,Jeremy Coleman,nperry@example.net,West Russellport,2026-05-27
112,Katelyn Estrada,walkertracey@example.org,East Kevinborough,2024-02-07
113,Donna Wilson,lburgess@example.org,Patelbury,2025-08-24
114,Mary Gomez,chensley@example.com,South Samanthamouth,2025-12-19
115,Jared Bowman,darius05@example.org,Collierstad,2023-11-22
116,Brian Graham,zwarren@example.com,Jeffreyburgh,2023-11-04
117,Ashley Hicks,michael23@example.org,West James,2026-01-29
118,Peter Jones,kmarshall@example.net,Maldonadoshire,2026-04-02
119,Lori Lin,edward17@example.com,Laurashire,2023-10-04
120,Benjamin Murray,brownmarie@example.org,New Brookefurt,2025-06-26
121,Tiffany Stevenson,colelisa@example.net,West Cassidy,2025-08-25
122,Antonio Garcia,toni18@example.net,North John,2025-05-19
123,Kelly Bishop MD,paul59@example.org,Cameronville,2025-11-21
124,Diane Cummings,mathewaguilar@example.org,,2024-01-25
125,Teresa Collins,,Lake Ellenhaven,2025-01-21
126,Eric Bean,stacey73@example.org,East Chris,2023-12-13
127,Kimberly Rodgers,stanleynancy@example.net,New Nicholas,2024-03-17
128,Michael Weber,jenniferwilliams@example.com,South Cheryl,2025-06-05
129,David Sheppard,mmckee@example.com,Murrayport,2025-02-21
130,Jennifer Martin,laurietaylor@example.com,Lake Timothystad,2025-11-16
131,Michelle Black,mitchellkathryn@example.com,Whiteheadberg,2025-05-18
132,Thomas Velasquez,sarah60@example.com,Joeland,2025-02-10
133,Fernando Garcia,lacey20@example.com,Hortonberg,2025-07-06
134,Aaron Miller,jason28@example.net,Rodriguezport,2024-07-12
135,Anthony Barnes,fbrown@example.net,Lake Zacharybury,2024-02-17
136,Aaron Gomez,qlopez@example.org,Carloshaven,2025-10-31
137,Virginia Spencer,cmarks@example.net,Zavalaview,2023-08-03
138,Austin Allen,ingramjill@example.com,North Michael,2024-12-15
139,Carrie Maxwell,epollard@example.net,Port Dennis,2025-06-18
140,Dakota Moody,stewartkyle@example.com,Kingborough,2024-09-25
141,Richard Glenn,joshua56@example.com,Klinefurt,2024-12-16
142,Kathleen Jimenez,laurie61@example.com,New Kelly,2023-12-15
143,Matthew Parker,cjackson@example.com,Williamsstad,2026-02-18
144,Mrs. Veronica Gould MD,zcox@example.net,North Douglas,2026-02-06
145,Jessica Martinez,kimberlydiaz@example.com,New Ericmouth,2025-02-04
146,Phillip Berry,raymond43@example.org,Lake Jacobhaven,2025-03-01
147,Autumn Hampton,nlewis@example.com,Gonzalezberg,2023-11-01
148,Steven Wallace,cochrantammy@example.com,Jennaside,2025-10-28
149,Elijah Moore,laurahicks@example.org,Port Dominic,2025-08-14
150,Julian Wood,cherylmiller@example.com,Keyfort,2025-10-02
151,Jason Andrews,teresaday@example.com,Frazierstad,2024-01-24
152,Penny Bowman,katrinaanderson@example.net,Port Davidberg,2024-10-23
153,Frank Fletcher,stacey84@example.org,Jamesside,2024-09-07
154,Eric Ferguson,brittanycarpenter@example.org,Meganshire,2023-09-10
155,Alyssa Williams,debra96@example.net,South Pamelaside,2024-09-30
156,Elizabeth Sanchez,,East Scottfort,2025-06-29
157,Lawrence Edwards,jessica56@example.org,Zacharyville,2024-11-15
158,Bryan Cole,colinroberts@example.com,Wrightburgh,2024-11-28
159,Michelle Lee,tyronerobertson@example.com,Tylerland,2025-03-10
160,Tracy Lewis,brandon47@example.net,Mitchelltown,2023-12-22
161,Stephen Luna,zdiaz@example.org,West Angela,2023-10-31
162,Jerry Pierce,andersoncolin@example.com,Angelastad,2024-02-18
163,Jordan Porter,williamsjennifer@example.com,Hernandezhaven,2024-02-11
164,Louis Martin,brittney88@example.net,Ericksonport,2025-07-15
165,Isabella Nunez,ysilva@example.net,New Thomasshire,2025-12-22
166,Anthony Castillo,rhernandez@example.org,New Stacyville,2024-04-30
167,Erik Hernandez,roberthampton@example.com,Lake Devinborough,2025-11-26
168,Matthew Fox,sue78@example.com,Ericaview,2026-02-10
169,Dr. Douglas Evans,kellie37@example.com,Baileyview,2024-09-28
170,Michael James,xcardenas@example.org,Bobbyland,2024-12-28
171,Mary Burgess,jamesryan@example.net,Derrickshire,2024-07-14
172,Michael Schmidt,briangutierrez@example.net,Garciaberg,2023-07-17
173,Vanessa Moore,mwoods@example.com,Justinton,2023-11-24
174,Crystal Rodgers,gentrygregory@example.org,Port Randyfort,2024-04-23
175,Tonya Howe,smithashley@example.org,Justinside,2025-09-30
176,Todd Rosales MD,lisarivera@example.net,Wongburgh,2023-07-30
177,Rachel Bradley,gregorychase@example.com,Robertsonland,2025-03-22
178,Cathy Taylor,shari04@example.com,South Karen,2024-12-02
179,Nathan Smith,heather01@example.com,Erikhaven,2026-07-05
180,Melissa Fowler,michael33@example.org,Hernandezstad,2025-04-14
181,Susan Todd,kathleenbecker@example.net,New Seanstad,2023-11-07
182,Ashley Poole,ashleyhernandez@example.com,Wilsonborough,2025-12-30
183,Steven Griffin Jr.,williambryant@example.org,Chambersport,2023-08-11
184,Robert Reese,williamsmelvin@example.org,North Valeriefort,2023-08-27
185,Christopher Taylor,ybrooks@example.com,Bennettside,2024-01-31
186,Hannah White,urice@example.org,Port Andrewport,2025-06-27
187,Kimberly Patel,johnreed@example.com,Lake Kathy,2023-08-28
188,Jennifer Miranda,allencarlos@example.net,South Carlaton,2024-07-23
189,Jennifer Young,karenparsons@example.org,Jimshire,2024-11-15
190,Patricia Cardenas,kevinthomas@example.net,South Kevin,2023-10-11
191,Leslie Moss,conniesimmons@example.com,West Shellyfurt,2025-09-30
192,Jason Hernandez,iwhite@example.com,Port Jeremiah,2024-02-18
193,Suzanne Hart,igrant@example.com,West James,2026-04-08
194,Jerry Watson,brettbennett@example.net,Port Charlesshire,2026-05-17
195,Karen Booth,,,2024-07-19
196,Michele Sanders,andrearowe@example.com,Fergusonstad,2024-10-30
197,Jose Crawford,langjennifer@example.com,West Lawrence,2023-09-18
198,Connie Thomas,angela99@example.net,Phillipsborough,2024-12-02
199,Kelly Sanchez,jonathan77@example.com,Lake Laura,2024-03-27
200,Joshua White,warrenmary@example.org,Port Adamberg,2026-03-14
201,Michael Smith,nbrooks@example.net,Hopkinstown,2023-07-19
202,Jennifer Smith,amanda40@example.net,Drakeburgh,2023-12-22
203,Kelly Allen,lisa46@example.org,Susanmouth,2025-12-02
204,Michael Evans,valdezmichele@example.org,South Nicholasside,2025-07-17
205,Adam Jackson,pbruce@example.com,New Samanthabury,2024-06-01
206,Melissa Knight,brandon14@example.net,East Sarahmouth,2023-08-02
207,Laurie Goodwin,thickman@example.org,New Mary,2025-03-04
208,Kimberly Reyes,krystalnorris@example.org,Brianchester,2024-07-03
209,Gina Mack,unovak@example.org,Kristenmouth,2025-08-09
210,Juan Bennett,eringuerrero@example.org,Laurenland,2023-11-13
211,James Bowers,jodistewart@example.org,North Sherrymouth,2025-01-18
212,Ashley Miller,jcole@example.net,Garcialand,2025-01-08
213,Linda Mueller,asmith@example.com,Lake Rachelbury,2025-12-13
214,Melissa Jackson,kevin72@example.org,South Joshua,2024-10-16
215,Mr. David Wright,mwheeler@example.com,East Kevinfurt,2024-12-06
216,Jamie Atkins,pcook@example.net,West Malik,2026-06-23
217,Ernest Oconnell,kelly79@example.org,Nicholasfurt,2025-01-26
218,Justin Vargas,erinpierce@example.net,Hahnborough,2025-05-20
219,Sandra Jones,ichambers@example.net,Johnberg,2025-04-26
220,Angela Ewing,iaguilar@example.net,Stephensstad,2026-07-02
221,Kimberly Little,rodriguezjohn@example.net,Gabrielton,2025-11-29
222,Miss Jennifer Goodwin,grodriguez@example.com,New Julie,2025-11-21
223,Laura Griffin,rford@example.net,West Whitney,2025-07-27
224,Jason Nixon,guerrajessica@example.com,Matthewborough,2025-09-25
225,Mr. Jeffrey Horton,carlos01@example.org,Deborahburgh,2024-07-21
226,Kristen Rivera,omullen@example.com,East Danielle,2025-05-10
227,Omar Ware,yvargas@example.org,East Joshua,2026-07-06
228,Amy Garcia,michaelgonzalez@example.org,Emilyfort,2025-10-05
229,Emily Price,wmatthews@example.com,Williamsonport,2026-02-17
230,Megan Edwards,kevinwhite@example.net,New Paul,2026-01-20
231,James Lopez,angelaburns@example.org,West Megan,2026-02-25
232,Ian Smith,jamescruz@example.net,Ortizfort,2025-04-14
233,Jill Jackson,flynnjeffrey@example.org,Jeffreyport,2024-03-26
234,Krystal Barton,hdunn@example.net,West Kimberlystad,2025-10-28
235,Amanda Ball,veronicagarcia@example.net,West Nancy,2023-08-28
236,Gregory Montoya,hgrimes@example.org,Port Joan,2026-06-13
237,Michael Chen,christinaglover@example.org,New Michaelview,2026-01-21
238,Erica Padilla,ashley81@example.org,,2026-04-22
239,Sean Wright,maria67@example.org,Courtneyfurt,2025-06-10
240,Robert Mack,rrobertson@example.net,Shawnfort,2024-11-28
241,Sheila Boone,simonstephen@example.net,Melissaside,2025-03-17
242,Jeffrey Lewis,marcus45@example.net,New Melissa,2024-12-23
243,Pamela Williams,ksmith@example.com,Smithchester,2024-05-18
244,Susan Khan MD,clarence54@example.org,Elizabethburgh,2023-09-27
245,Eric Lyons,rubendavis@example.org,East Thomasberg,2026-01-16
246,Michael Smith,lisa62@example.com,East Patrickville,2023-12-16
247,Stanley Taylor,darlenebyrd@example.org,New Debramouth,2025-01-04
248,Lori Hernandez,cjensen@example.org,North Donaldville,2026-01-09
249,Heather Jordan,johnnewman@example.org,Kimberlytown,2026-04-26
250,Christine Lawson,juliephillips@example.org,South Paul,2024-07-17
251,Mr. Joseph Levine DVM,david96@example.com,Port Thomas,2023-10-30
252,Austin Baker,livingstonstacy@example.com,Courtneyhaven,2025-04-14
253,James Davidson,joshuacollins@example.net,Port Eric,2024-11-27
254,Mark Davenport,collinssamuel@example.org,East Christopherchester,2024-01-05
255,Lee Parker,davidzimmerman@example.net,East Tylerstad,2025-09-28
256,Samantha Green,david41@example.org,Lindsayview,2025-09-29
257,Michael Ray,crawfordwilliam@example.org,Villarrealburgh,2025-01-30
258,Raymond Shannon,perezwilliam@example.org,East Brandonstad,2025-02-22
259,Cassidy Horne,tranrobin@example.net,Walkerbury,2025-04-15
260,Erica Mckenzie,david02@example.org,South Caseymouth,2024-09-19
261,Emily Miller,msmith@example.com,Jodibury,2025-06-28
262,Wesley Cuevas,jessicapayne@example.org,North Sarah,2023-08-15
263,Gregory Franco,tapiaaaron@example.net,Sweeneyport,2023-12-17
264,William Barnes,kaufmandouglas@example.com,North Samanthahaven,2025-04-10
265,Jacqueline Villegas,carpenterwilliam@example.net,Jonesshire,2023-10-13
266,Victor Young,melissa65@example.com,Nelsonland,2024-05-18
267,Randy Rodriguez,martinsteven@example.com,New Michaelborough,2025-06-10
268,Derek Wilson,lindseytorres@example.net,East Marymouth,2024-02-24
269,David Kelly,byrdjorge@example.org,South Melissaside,2025-11-09
270,Joel Lara,davidbrown@example.org,East Madison,2025-02-06
271,Teresa Miller,samantha10@example.org,Lake Scott,2024-01-25
272,Ryan Lamb,williamssteven@example.org,Underwoodfurt,2025-08-17
273,Michael Thompson,rebekahhill@example.com,North Christina,2026-02-21
274,Edward Jenkins,rbrown@example.com,South James,2025-10-02
275,Zachary Stephens,mayokimberly@example.com,Stephensfort,2024-12-24
276,Kathryn Price,anthonyharper@example.org,Brianfort,2025-10-08
277,Kevin Hall,craigsandoval@example.com,Port Wendybury,2025-12-19
278,Rebecca Kelly,gregorywatkins@example.net,Robintown,2026-07-05
279,Theresa Elliott,marycochran@example.com,Gregoryton,2023-11-26
280,Kyle Smith,nsmith@example.org,West Jennifer,2024-11-22
281,Charles Bush,kimmathis@example.com,West Janetfurt,2026-01-04
282,Eric Taylor,jessicakim@example.net,Banksburgh,2025-11-28
283,Tanya Buchanan,elizabetholsen@example.com,Jessicaport,2024-01-22
284,Aaron Miles,xrosales@example.net,East Carriebury,2026-03-28
285,Taylor Taylor,youngtoni@example.org,Port Jennamouth,2025-06-01
286,Daniel Steele,jonathan10@example.org,Kimchester,2024-03-23
287,Katherine Gray,egarcia@example.net,East Shannon,2023-08-29
288,Fernando Lynn,petersonpamela@example.org,New Shellyland,2024-12-14
289,Lisa Webb,reynoldsdesiree@example.net,Mooreville,2024-12-04
290,Colton Terry,donna43@example.org,South Ashleyfort,2024-03-03
291,Aaron Miller,bgonzalez@example.org,Lake Kelly,2023-11-13
292,Brian Glover,qburns@example.com,Lake Amyburgh,2025-02-04
293,Jaclyn Griffin,scott43@example.com,East Karenville,2023-11-19
294,Rhonda Gutierrez,angelarandall@example.net,Sheppardfort,2025-12-14
295,Karen Miller,shawrachel@example.net,North Stacy,2025-06-05
296,William Stanton,davidhenderson@example.net,Harrisberg,2026-01-18
297,Thomas Sloan,millerangela@example.net,Melissahaven,2025-06-19
298,Alexandria Graves,jrodriguez@example.org,North Annaville,2024-09-25
299,Sheryl Humphrey,patrick79@example.net,Johnsonview,2025-03-25
300,Lee Steele,fosternatasha@example.net,North Julie,2024-08-29
301,Alicia Roth,larry71@example.org,West Terri,2025-05-27
302,Erica Daniel,lopezjason@example.com,Malonestad,2023-10-04
303,Caitlin Collins,htaylor@example.net,East Jamesborough,2023-10-06
304,Jesus Hull,joshuacolon@example.net,Reidville,2026-06-01
305,Jaime Wheeler,susanwells@example.net,Maxview,2026-06-13
306,Alexander Williams,mercedesholland@example.net,West Denise,2025-09-13
307,Richard Saunders,wellsdavid@example.org,,2026-04-02
308,Steven York,dking@example.com,Silvatown,2025-09-10
309,Dr. Sara Hoffman DDS,kenneth17@example.org,Vanessamouth,2024-09-11
310,Michael Stafford,jacob83@example.org,Guerreroberg,2023-08-17
311,Yolanda Green,vsullivan@example.org,West Jessica,2024-06-18
312,Margaret Alvarez,william28@example.org,Connorberg,2024-08-13
313,Kristin Gaines,destiny35@example.org,Robertmouth,2025-02-05
314,Edward York,obrown@example.net,South Pamelahaven,2024-01-11
315,Jane Evans,pittsedward@example.org,Robertshire,2025-06-18
316,Scott White,freemancrystal@example.org,Cynthiatown,2025-06-10
317,Philip Jackson,tracygallagher@example.org,New Ryan,2025-05-06
318,Vincent Reyes,fergusonjessica@example.org,Katherinehaven,2024-04-30
319,Aaron Gross,heathercooper@example.org,South Wesleyport,2024-03-24
320,Angel Fry,mluna@example.net,Ryanberg,2024-12-22
321,Katherine Christensen MD,osmith@example.net,East Jessica,2026-01-10
322,Barbara Dawson,brooksdanielle@example.net,New Virginiaville,2026-04-19
323,Amber Wilson,jjames@example.com,Milesborough,2026-06-22
324,Alexandra Fisher,batesjoseph@example.net,South Maria,2023-12-18
325,Lisa Campbell,jimenezchelsea@example.com,West Jade,2024-10-09
326,Joshua Lozano,arivera@example.org,North Maryfort,2024-02-25
327,Penny Jones,conwaydawn@example.com,Josephton,2023-12-11
328,Shelly Phelps,laurie56@example.net,North Melissaton,2023-07-24
329,Mary Jackson,patricia94@example.net,West Lisaburgh,2024-01-01
330,Victor Nelson,evaughn@example.com,North David,2023-10-08
331,Dr. Ashley Pruitt,rpham@example.com,New Noah,2025-01-16
332,Shari Hobbs,timothyfreeman@example.com,Williamsview,2026-04-21
333,Michael Gregory,tiffanysantiago@example.com,South Dorothybury,2025-07-26
334,Michael Cruz,smithsarah@example.net,Christianburgh,2023-11-02
335,Erica Rivera,brent38@example.net,Powellbury,2023-11-08
336,Robert West,hwest@example.com,North Richardton,2025-11-20
337,Samantha Conner,pamela83@example.net,Clementsstad,2023-10-01
338,Sarah Rivera,xmoran@example.net,Wilsonbury,2023-07-12
339,Ronald Brandt,amy51@example.org,South Donald,2025-04-04
340,Levi Lopez,ylewis@example.org,Danielchester,2023-09-19
341,Sara Chapman,lellis@example.net,South Adam,2023-09-22
342,Jessica Richards,heatherthompson@example.org,South Dianemouth,2025-08-30
343,Jennifer Lynch,joshuastuart@example.com,Ballardberg,2025-04-10
344,Stacey Hunt,jennifer83@example.org,New Jennifer,2026-06-09
345,Michael Zavala,williambenson@example.com,Port Michaelfort,2025-12-30
346,Mary Butler,natalie60@example.net,,2026-05-15
347,Derek Floyd,frances20@example.net,Jamesside,2023-08-28
348,Jesse Jensen,juliahoffman@example.org,Heatherton,2025-02-20
349,Tyler Daugherty,tammy00@example.net,Jamesmouth,2024-06-23
350,Michele Holland,kimberlybrandt@example.com,Thompsonland,2024-04-24
351,Nancy Wilson,pattersonangela@example.org,New Meghan,2023-07-17
352,Michael Moore,sarahcarlson@example.net,Tracyshire,2025-11-09
353,Richard Stewart,susanmeyer@example.net,South Amy,2025-03-26
354,Daniel Lewis,mark43@example.net,Barajastown,2024-01-03
355,Jill Conway,susanfleming@example.com,Moonville,2025-02-27
356,Nathaniel Johnson,willie87@example.com,West Rachelborough,2024-11-17
357,Tiffany Jackson,simsjason@example.net,Port Gina,2023-12-17
358,Ronald Johns,elucas@example.net,North Stephen,2024-12-05
359,Benjamin Thompson,angela93@example.com,Hughesfurt,2025-05-11
360,James Wilson,maychristine@example.net,Lake Melaniestad,2025-08-28
361,Richard Turner,campbellsara@example.com,Shorttown,2025-07-14
362,Daniel Francis,,Susantown,2025-11-14
363,Brenda Williams,fmedina@example.com,Lake Judith,2024-12-24
364,Taylor York,eugenewalker@example.com,North Howard,2025-12-06
365,Sarah Randolph,enewman@example.com,West Coreyshire,2025-08-03
366,Heather Lambert,craigharvey@example.org,Toddmouth,2026-02-20
367,Melissa Hernandez,lindsey62@example.org,Johnbury,2026-03-30
368,Ryan Taylor,natalie77@example.com,Tonyville,2024-04-07
369,Angela Ramirez,patriciagonzalez@example.net,Lake Charlestown,2025-09-03
370,Robin Riley,rebeccaarnold@example.net,Valdezberg,2025-01-27
371,Steven Lawrence,dennis88@example.org,Coxtown,2026-05-03
372,Victor Holden,,New Stacy,2026-04-28
373,Brianna Dennis,billy73@example.org,Miketon,2026-05-12
374,Terry Ward,chardin@example.org,Dakotahaven,2026-03-19
375,Sandy Baker,,New Johnbury,2025-09-18
376,Robert Reed,aeaton@example.net,South Gabriel,2023-11-05
377,Diana Hernandez,michaellove@example.org,South Lisa,2024-01-01
378,Mr. Daniel Martin,,East Crystal,2023-09-07
379,Bridget Jackson,zacharysullivan@example.net,Lake Jessicaport,2023-11-19
380,Lawrence Ruiz,ajackson@example.net,Port Brandi,2024-04-16
381,Kayla Jackson,sandra99@example.org,South Paul,2023-12-24
382,Joseph Blankenship,mserrano@example.org,South Rachel,2026-01-25
383,Richard Gordon,davisdonna@example.net,Port Erikachester,2025-09-26
384,Shaun Wolfe,zperez@example.com,Bellshire,2023-12-07
385,David Cannon,campbellnancy@example.com,Jacobtown,2025-12-22
386,Kelly Brooks,gwendolynstewart@example.com,East Ronaldshire,2024-08-06
387,Joshua Cunningham,victoria63@example.com,Whiteside,2025-11-17
388,Dr. Kenneth Schroeder,qfitzgerald@example.org,South Krista,2024-03-16
389,Jordan Hartman,martintamara@example.org,Port Dustinchester,2023-11-22
390,Daniel Miller,ramseysarah@example.com,Jenniferton,2024-04-06
391,Jessica Harris,james98@example.net,New Gavin,2023-09-03
392,Matthew Cantrell,sheakimberly@example.com,Sullivanborough,2025-09-20
393,Michael Calhoun,jessica89@example.com,Sylviaview,2024-06-24
394,Cheyenne Spears,greenrichard@example.org,New Kellyville,2025-09-13
395,Sherri Li,,,2025-06-20
396,Stephanie Atkins,ewilson@example.com,Lake Jacqueline,2024-11-10
397,Harry Nichols,john16@example.net,Charlesburgh,2025-07-18
398,Daniel Berry,staceyvega@example.org,Mclaughlinbury,2024-07-19
399,Christine Harris,marykelly@example.org,North Emmafort,2026-02-16
400,Scott Rubio,uwatson@example.com,Travishaven,2024-09-16
401,Paul Anderson,imendoza@example.org,Phillipburgh,2025-06-18
402,Melissa Stevens,smithjason@example.net,West Michaelview,2024-04-24
403,Cynthia Ruiz,michael76@example.org,Haynesstad,2025-01-26
404,Diana White,tiffanyparks@example.org,Lindaside,2025-05-10
405,Christina Marsh,thomassmith@example.com,Taylorhaven,2025-10-15
406,Rachel Evans,rosshannah@example.org,Port Jonathan,2026-03-13
407,Patrick Green,,Martinezborough,2025-12-21
408,Mariah Thompson,michael87@example.net,Prestonfurt,2026-02-16
409,Mark Thomas,daniellemcfarland@example.com,Sweeneyland,2023-11-08
410,Darren Stewart,jennifer96@example.com,Normanstad,2026-01-05
411,Joanna Jackson,martinezjimmy@example.com,East Garrettville,2023-12-04
412,Shawn Kelley,wisealexandria@example.org,West Christineland,2026-04-21
413,Jean Perez,scott22@example.net,North Austin,2025-01-13
414,Erika Alvarez,amy28@example.org,Welchshire,2025-05-14
415,Margaret Collins,timothy31@example.com,Michaelview,2024-03-06
416,Aaron Ochoa,mauriceharrison@example.org,Arroyofort,2024-10-16
417,Jeffrey Carter,laurakelley@example.org,Khanchester,2025-03-13
418,Miguel Brewer,fwalker@example.com,New Kathy,2026-02-15
419,Melinda Mitchell,robert12@example.org,Danielmouth,2026-02-22
420,Michael Vasquez,andrew08@example.org,North Julian,2024-01-19
421,Monica Hall,alexisrobinson@example.com,Kristifort,2025-02-04
422,Rick Rivera,brianrowe@example.org,Whiteview,2025-02-20
423,Barbara Tate,paulproctor@example.org,East Stevenville,2025-09-25
424,Christine Price,sharon20@example.net,West Timothyport,2024-05-12
425,Anthony Estrada,youngryan@example.org,Port Joshua,2024-01-10
426,David Novak,jbarker@example.com,East Ericland,2026-06-08
427,Tara Shea,browndeanna@example.net,East Tonymouth,2025-11-22
428,Nicole Trujillo,bquinn@example.net,Howardberg,2024-08-01
429,Karina Kim,amy73@example.net,New Michael,2025-07-05
430,Ronald Rocha,caseymoore@example.com,Ambermouth,2023-07-10
431,Katie Gross,harveymichael@example.net,,2026-04-26
432,Sabrina Lee,jcannon@example.net,Marcusmouth,2023-12-27
433,Matthew Williams,gregoryjohnson@example.org,Leeton,2025-12-12
434,Jasmine Burns,brandon39@example.net,North Sarahborough,2026-04-22
435,Steve Miller PhD,wardjulia@example.com,Lauraton,2026-02-21
436,Andrew Jones,christian38@example.org,Lake Jerryfurt,2024-04-28
437,Matthew Hudson,angelagrant@example.net,Port Daniellestad,2026-05-21
438,Maurice Andrade,laurapierce@example.net,Dianeside,2026-01-25
439,Harold Edwards,megan66@example.net,Charleneshire,2025-11-02
440,Ralph Howe,michael77@example.com,Lake Austinport,2026-01-19
441,Chad Zamora,evansjeffrey@example.com,Port Lynnview,2025-11-15
442,Laura Duncan,johnsonmichael@example.org,Michaelshire,2024-07-31
443,Robert Davis,ncarroll@example.net,Lake Markfort,2024-04-02
444,Steven Warner PhD,larsonkevin@example.net,Millerton,2024-12-09
445,Robert Butler,kanejeremy@example.net,Lake Kimberlyfurt,2023-10-01
446,Andrew Fernandez,markwolfe@example.org,Lake Jessicafurt,2025-05-31
447,Laura Davis,zroberts@example.org,West Christopher,2025-12-12
448,Kimberly Baker,xshaw@example.net,Port Dennis,2025-11-23
449,James Duncan,johnadams@example.com,Gailshire,2023-11-25
450,Jason Diaz,malikwheeler@example.org,,2026-02-20
451,Rebekah Hanson,,Ericland,2023-12-30
452,Dana Oliver,mistywilkins@example.org,Heatherville,2024-10-24
453,Alexander Clark,jamesmills@example.com,Deanberg,2026-06-22
454,Alicia Aguilar,scottbrian@example.org,Briantown,2023-10-20
455,Devon Christian,michelle04@example.net,Hallfurt,2025-09-05
456,Ariana Stewart,lopezvincent@example.com,North Johnhaven,2024-10-24
457,James Moore,gabrielle54@example.org,Lisaview,2025-03-01
458,Robin Johnson,jeremiah56@example.net,North Jessica,2025-09-24
459,Lisa Garrett,robertberry@example.com,Reneemouth,2025-06-05
460,Christine Taylor,michelleparker@example.net,South Wendy,2024-02-19
461,Krystal Moore,grantstacy@example.org,West Mary,2024-02-20
462,Pamela Beard,tali@example.com,Edwinborough,2023-12-21
463,Alexander Odom,catherine93@example.net,East Grace,2025-01-17
464,Richard Anderson,xjoseph@example.org,Henryberg,2024-03-19
465,Andrew Duran,schaeferstephanie@example.org,Port James,2024-04-09
466,Victoria Camacho,dwatts@example.org,Sullivanton,2026-02-07
467,Jamie Edwards,meyershannon@example.org,New Amanda,2023-09-07
468,Kelli Mccoy,leescott@example.com,Stevenchester,2024-10-08
469,Amy Black,stevenlucas@example.org,East Kimberlyside,2024-02-04
470,Frank Johnson,tgarza@example.org,Davismouth,2026-06-17
471,Michelle Martin,davisjasmin@example.net,Christopherfurt,2025-09-10
472,Caitlin Pierce,taterhonda@example.net,East Misty,2024-04-11
473,Amber Parker,lroberts@example.org,East Adam,2024-08-05
474,Jonathan Jimenez,franklintrevor@example.org,Chavezmouth,2023-11-09
475,Adriana Khan,christine83@example.org,East Brian,2025-01-01
476,Scott Estrada,mark10@example.org,Chaneyburgh,2026-05-18
477,Matthew Graves,tammycurry@example.com,North Kaylamouth,2025-01-31
478,Samantha Chang,carterdennis@example.net,Markchester,2025-10-01
479,Daniel Brown,webbhaley@example.net,Ronaldmouth,2024-08-15
480,Whitney Gomez,christinacrawford@example.net,Vasquezburgh,2026-02-09
481,Dylan Lee,johnsoncolleen@example.org,Port Christina,2025-04-13
482,Gene Castro,alexharris@example.com,Kristyport,2024-10-17
483,Erica Smith,matthew99@example.org,East Mark,2024-12-14
484,Karen Wells,brewertimothy@example.net,Mcclainside,2024-12-10
485,Robert Reilly,conleykevin@example.net,Angelatown,2024-05-27
486,Evelyn Hendricks,carl24@example.org,Tonyaside,2024-03-22
487,Jean Larson,janet50@example.com,Millerbury,2025-02-05
488,Trevor Robinson,gregory50@example.org,South Williamfort,2025-08-23
489,Gerald Webb,kimberly21@example.net,East Jenny,2025-06-21
490,Sean Wilson,sarah91@example.com,Smallville,2025-09-24
491,Nichole Johnson,danielle35@example.org,West Joshua,2024-11-15
492,Megan Nelson,joshuasmith@example.net,East Amyside,2024-11-14
493,Tony Brock,georgecollins@example.com,Williamstown,2025-07-09
494,Amber Reyes,simmonsharold@example.net,Jensenport,2024-12-06
495,Michelle Lambert,beltrankatelyn@example.com,North Lisa,2026-06-28
496,Jesus Cohen,oruiz@example.org,Robertafurt,2024-04-18
497,Mary Mccormick,shawn01@example.com,West Timothyburgh,2024-09-19
498,Lindsey Anderson,sullivanjennifer@example.org,Angelaland,2024-10-20
499,Jennifer Gutierrez,amydickson@example.com,,2025-05-08
500,Jessica Cobb,gilbertcaldwell@example.net,Wilsonmouth,2024-11-25
305,Jaime Wheeler,susanwells@example.net,Maxview,2026-06-13
341,Sara Chapman,lellis@example.net,South Adam,2023-09-22
48,Tommy Evans,acastaneda@example.net,South Jeffrey,2025-05-16
68,Michele Gibson,sandrafrench@example.net,South Danny,2024-06-22
480,Whitney Gomez,christinacrawford@example.net,Vasquezburgh,2026-02-09
486,Evelyn Hendricks,carl24@example.org,Tonyaside,2024-03-22
311,Yolanda Green,vsullivan@example.org,West Jessica,2024-06-18
32,Richard Henson,vdickson@example.org,Port Francisco,2024-04-09
